compensation_id,employee_id,effective_date,base_salary,bonus,stock_options
7999,8273,2021-02-16,132800.0,8951,0
5916,8790,2025-07-18,113600.0,9218,0
9635,7634,2023-09-06,36800.0,7201,2000
8896,3829,2024-05-25,117600.0,12103,500
6357,4618,2024-07-11,98700.0,9211,1000
7079,4490,2022-12-18,126100.0,7139,1500
9420,2444,2021-08-19,38100.0,7036,1000
2005,2133,2022-11-28,94300.0,8764,2000
4785,8572,2021-08-18,73000.0,11899,1500
2620,5595,2022-08-14,40400.0,5609,2000
9696,6968,2021-07-30,68500.0,8288,1500
9738,7464,2022-05-17,34700.0,5839,500
4681,8558,2021-12-09,58800.0,11603,0
4914,3417,2024-04-15,50400.0,7463,2000
9970,5069,2023-07-24,99800.0,17911,2000
5416,6300,2025-06-01,121300.0,16871,1000
1499,6597,2024-07-06,50900.0,7750,1500
8981,4481,2022-12-01,93100.0,8751,1000
2414,6882,2021-11-05,77400.0,5506,1500
2823,7447,2021-10-16,74700.0,10615,1500
6058,9777,2025-03-01,134100.0,19860,2000
8862,1653,2023-01-23,71400.0,6894,500
9133,7036,2022-11-28,69700.0,7034,0
9696,8686,2024-07-01,137100.0,26541,0
7424,2984,2021-04-13,67800.0,4342,500
2924,5047,2022-05-11,37500.0,3364,0
2942,2794,2023-05-30,37000.0,2090,500
9021,6593,2022-09-13,97200.0,13164,1500
9565,8047,2021-10-23,96500.0,12789,2000
2785,8115,2023-02-23,95600.0,8532,1000
9383,9719,2022-01-10,75700.0,11246,1000
7927,4795,2021-02-12,42000.0,2280,500
7065,7913,2024-06-05,48700.0,6464,500
1228,3608,2024-06-01,101000.0,19852,1000
8600,4904,2023-01-20,50900.0,5737,2000
2460,3416,2024-09-07,35700.0,6331,2000
8992,4823,2020-10-29,37700.0,6980,1000
8601,8948,2021-05-23,50900.0,8827,2000
8187,2032,2023-01-15,136000.0,11779,500
6261,1529,2022-02-09,76400.0,6406,500
7695,9038,2025-01-13,42000.0,2119,2000
5703,6112,2020-11-07,100700.0,5810,500
6597,8557,2021-07-14,119000.0,14523,1500
2765,6449,2022-04-23,75600.0,7813,0
9919,7268,2024-02-27,49400.0,5944,1500
5951,4604,2022-08-01,132200.0,13204,500
3408,1406,2022-07-07,38100.0,2459,0
2825,4012,2020-11-29,92600.0,11818,2000
8098,2430,2021-03-17,53300.0,5200,500
8330,7162,2025-01-21,75400.0,11307,0
8997,4419,2024-08-13,130500.0,15089,0
7103,3351,2023-03-22,76100.0,4401,500
5185,7080,2023-09-12,79800.0,8153,1500
6600,2332,2023-08-27,40100.0,7188,1000
2569,8346,2024-09-26,83200.0,16104,1000
3944,4935,2024-02-12,57500.0,3229,0
9973,7323,2023-03-02,94700.0,15075,1500
1376,8921,2021-01-23,68700.0,13126,1000
3579,6158,2021-08-27,123800.0,13113,0
3534,9262,2022-04-25,118100.0,19102,2000
4095,5546,2021-02-05,42800.0,3933,0
3292,3081,2025-09-07,75000.0,12146,500
8399,4253,2025-02-19,93800.0,7273,1000
8077,7313,2024-09-27,61300.0,11464,2000
2846,1770,2021-11-14,68500.0,6585,500
7417,2572,2021-03-29,52800.0,9820,1000
5376,2971,2021-03-09,99700.0,10341,500
4730,2704,2024-11-27,55200.0,5573,2000
1119,4196,2022-12-15,96100.0,8386,500
1682,8272,2023-02-02,79500.0,13201,500
7451,5809,2025-07-10,48700.0,4514,1000
3048,2643,2024-04-17,34600.0,6605,2000
4101,6433,2022-04-01,98500.0,9338,1500
2852,8966,2021-08-23,91900.0,16045,1000
8826,4978,2024-10-31,135600.0,20818,500
3654,9980,2022-09-29,85500.0,6923,1500
8728,2327,2024-10-18,125900.0,24840,1000
6902,5150,2025-09-14,94600.0,18395,2000
2972,5714,2022-04-24,68000.0,5704,1500
6419,4280,2022-09-14,94400.0,12571,2000
9326,5007,2020-11-11,59100.0,11507,2000
6387,5188,2022-01-06,115700.0,20010,0
8325,4267,2023-06-10,130000.0,9650,1000
5942,4973,2025-04-18,56600.0,8425,500
5040,8153,2023-01-06,81100.0,9269,1000
2802,2929,2024-06-25,136500.0,15414,1500
5010,7281,2023-11-13,67400.0,11301,0
4012,1320,2024-04-21,127900.0,17555,1500
8449,3780,2024-04-19,58800.0,5704,2000
8281,8581,2024-08-22,115300.0,13627,0
4575,8384,2025-04-17,38600.0,4329,0
9162,4419,2021-11-15,114600.0,20688,1500
2628,2300,2025-02-16,61200.0,11540,2000
6334,6245,2021-01-22,40400.0,5576,1000
2768,1650,2023-07-15,73400.0,9302,1500
1683,7573,2024-06-01,135900.0,14198,0
6027,1497,2022-10-26,99400.0,13173,1000
2368,1404,2025-01-26,127000.0,10430,0
1793,6767,2025-08-31,125600.0,8781,500
4463,6834,2022-07-13,85000.0,4555,500
6447,9745,2023-05-09,37500.0,5425,1000
5015,3758,2024-10-28,89000.0,11606,0
5893,4197,2023-02-14,120600.0,16746,0
1256,8024,2022-01-04,78600.0,5488,500
2115,9970,2024-08-29,93200.0,15939,0
1845,2094,2022-03-04,84500.0,4720,2000
2123,8371,2024-05-22,80800.0,15368,1500
9052,1094,2024-12-17,37900.0,5567,1500
7952,3467,2022-10-10,75700.0,4160,1500
5437,7077,2024-04-25,50900.0,6416,2000
3812,8624,2024-06-09,66200.0,10934,1000
9308,3785,2022-09-04,53900.0,4797,0
5579,5776,2024-07-23,56600.0,11194,500
5221,4119,2022-02-11,49500.0,9772,1500
2539,3788,2021-04-05,37000.0,2382,500
9297,2116,2021-09-03,73300.0,4643,500
6951,6863,2024-07-09,83600.0,15457,500
6659,2252,2021-07-14,51700.0,6194,1500
9112,7365,2021-07-28,93600.0,5585,2000
5402,4796,2023-08-28,55200.0,5973,500
5186,6088,2024-05-04,119600.0,15211,2000
6919,6782,2024-04-01,79400.0,8179,2000
9235,1462,2020-12-28,59900.0,6984,2000
1022,5763,2023-01-26,55500.0,4042,1000
1418,2827,2021-11-16,118900.0,13993,2000
4857,2184,2023-05-04,91700.0,5322,0
2192,6275,2024-03-18,84500.0,13443,0
6819,1166,2024-12-20,41100.0,5599,1500
4275,1642,2024-12-17,126100.0,22760,2000
8788,4271,2024-02-23,48400.0,4998,1500
4463,9354,2024-02-11,36900.0,3499,0
9148,1848,2023-03-01,78900.0,13943,1500
6724,4356,2024-08-03,125300.0,22926,1000
8517,2524,2021-02-12,72200.0,12055,2000
8053,6781,2021-07-18,67400.0,10902,500
4166,9808,2023-06-15,37100.0,3502,1000
3683,9648,2023-09-10,79600.0,11248,0
7656,5782,2024-04-21,135400.0,17332,1500
1428,2450,2023-08-31,52700.0,5262,1000
3089,2861,2021-03-01,113500.0,22401,0
8262,7477,2021-08-17,114300.0,14417,0
8299,7035,2025-03-09,58800.0,8925,2000
3820,4390,2021-07-22,87900.0,14696,2000
2783,4862,2020-10-24,69400.0,8536,0
9301,3477,2023-12-22,77800.0,9701,500
3708,2757,2021-12-15,85100.0,14783,2000
6954,7799,2023-11-23,40400.0,5098,2000
5956,4951,2022-08-13,36100.0,5170,1000
2466,4506,2020-10-29,34900.0,3693,1000
1087,7711,2025-01-08,96200.0,8569,1000
9392,9372,2020-11-07,88200.0,14039,1500
5431,6422,2024-03-27,57700.0,9128,1000
5646,2618,2024-09-13,40600.0,4032,1000
3572,4358,2021-10-23,114900.0,10104,1000
2691,5527,2021-04-29,136800.0,21990,500
1825,5439,2022-06-10,52100.0,5807,1000
7843,8275,2023-05-21,38300.0,4081,2000
7972,1732,2023-02-01,85200.0,10832,2000
2830,9302,2024-03-10,51200.0,7289,500
6391,6139,2023-03-17,34700.0,2803,1500
2360,6535,2025-02-07,58800.0,4406,2000
2704,2347,2023-09-03,129700.0,17745,1500
2108,3939,2022-09-11,104800.0,20036,1500
4749,4557,2021-02-01,78900.0,4970,2000
9922,5172,2024-09-29,53200.0,9113,0
5857,8812,2020-10-20,35400.0,5063,0
3304,2901,2021-05-27,41100.0,2061,2000
4651,4036,2024-11-03,35400.0,4165,500
3786,4779,2022-10-23,37000.0,6750,1000
3025,1996,2025-05-25,40700.0,3890,1500
8031,3350,2025-03-13,49600.0,8192,500
7890,8516,2021-10-05,77000.0,8883,1500
8031,2121,2025-07-30,87600.0,6216,1000
5342,5257,2021-05-01,84000.0,11752,1000
2456,1497,2022-11-03,71500.0,13692,1500
8434,3325,2024-11-15,79600.0,11532,500
6203,5582,2021-06-19,57000.0,7557,1500
6728,1463,2021-11-03,52200.0,10284,0
4147,6150,2020-11-08,100100.0,16333,1000
7675,2928,2021-08-21,141800.0,25227,0
3053,6966,2024-10-16,36900.0,2675,1500
1968,2115,2023-10-30,38500.0,5998,1500
7597,3441,2020-12-27,56200.0,10738,1000
6620,9883,2024-05-24,61300.0,9327,2000
2222,4512,2022-10-08,37200.0,6887,0
7138,7988,2022-02-22,68400.0,7553,1000
1043,5091,2024-05-18,100700.0,8968,1500
5259,1057,2023-11-08,36600.0,4565,2000
9949,6701,2021-12-12,117800.0,10478,0
9595,1638,2023-03-12,36000.0,2081,1500
9856,4688,2024-06-15,34600.0,3874,2000
1024,6170,2022-09-28,97300.0,8458,0
9642,6731,2023-08-18,121300.0,16963,2000
5948,7455,2021-12-22,94500.0,10443,1500
2338,1685,2023-10-28,112800.0,16058,500
2942,8285,2025-02-20,59200.0,11535,1000
6574,7365,2021-05-21,40100.0,4284,2000
6892,8067,2023-06-27,102300.0,6897,1000
7014,9034,2021-08-05,94900.0,16637,0
9473,5040,2021-05-13,49200.0,8358,0
7237,9623,2022-05-05,88500.0,12716,500
5478,9352,2024-09-20,52700.0,10225,1500
5169,6549,2023-02-02,50500.0,2705,2000
5476,7490,2020-10-02,81500.0,14225,500
3707,5459,2024-08-01,87400.0,5343,1500
7393,4135,2021-03-31,97100.0,7779,0
4795,3085,2021-12-08,94600.0,18317,1500
3713,7158,2022-12-30,86700.0,15348,500
9266,8886,2021-04-07,71500.0,10610,0
1491,9761,2021-02-08,40800.0,5423,1000
4583,1380,2022-08-05,99100.0,15518,2000
7968,9244,2023-03-02,41700.0,7133,1500
4727,7576,2022-02-16,40100.0,6151,1000
1852,3295,2024-02-26,132900.0,11462,2000
3042,3955,2021-09-09,87900.0,11610,1500
3471,2265,2021-11-19,74300.0,7496,1500
8472,1930,2025-05-08,122300.0,10540,0
3128,2496,2021-01-11,58500.0,5862,1500
4504,1795,2025-02-26,53900.0,5966,1500
8613,5668,2021-12-30,49800.0,8194,0
4324,3764,2024-08-01,39800.0,4687,1500
7440,1038,2025-05-03,101300.0,15445,1500
3373,1157,2021-08-23,58000.0,8648,1000
2336,3150,2023-03-23,50300.0,3586,1500
8220,9534,2022-07-22,95600.0,8257,500
9788,5672,2024-10-05,71800.0,5691,2000
8586,4842,2022-09-27,83100.0,7987,1000
4911,4848,2021-07-14,52700.0,6890,500
9018,3414,2022-01-15,42200.0,3525,2000
6371,1241,2024-02-05,121500.0,23324,0
5621,6794,2025-05-12,35900.0,3014,500
7471,6122,2023-09-07,124300.0,8399,0
4161,8686,2022-07-12,35100.0,5278,1500
1073,6386,2023-05-04,97300.0,13406,1000
7173,4110,2025-01-09,95800.0,8099,0
9580,1479,2022-05-23,115700.0,19427,2000
6507,8268,2023-03-13,102900.0,14612,2000
1815,7930,2020-10-27,130700.0,10950,500
8021,6960,2025-03-16,124300.0,16426,500
2435,7219,2022-07-24,100900.0,11661,2000
5517,4396,2024-07-14,38800.0,3926,500
4015,5852,2023-12-09,67000.0,5205,1500
6912,5795,2022-08-12,83900.0,15370,1000
8998,7171,2023-04-24,39800.0,7449,2000
9927,2649,2023-12-10,35300.0,2082,1500
3373,2633,2025-07-01,93200.0,16060,500
6292,5161,2023-09-13,78900.0,15048,2000
9463,7710,2021-06-08,77300.0,5657,1000
6480,8113,2020-10-22,74600.0,11328,500
4318,7480,2023-01-01,49400.0,5780,1000
8269,4531,2025-04-19,37800.0,3194,1500
6141,6935,2021-03-08,41000.0,7408,500
3090,8403,2025-09-21,41800.0,6892,0
2926,8400,2024-02-08,66600.0,7460,2000
3771,1306,2023-03-28,116200.0,10330,1500
4650,4512,2025-05-28,53900.0,2944,1000
2728,3606,2024-07-18,113700.0,9656,0
2707,4002,2022-03-24,140100.0,24897,0
4242,5337,2021-08-21,51200.0,6669,2000
8808,7522,2021-11-09,41300.0,3307,2000
8040,6856,2023-11-28,53400.0,7780,2000
9142,5600,2023-08-26,51000.0,8143,0
8191,6162,2021-11-18,87100.0,12906,1500
5110,5737,2021-12-21,70700.0,8758,0
4710,8263,2025-04-19,52700.0,3520,500
4141,9518,2025-09-03,93200.0,6214,1000
4659,8478,2023-03-13,66100.0,10738,1500
4752,9966,2023-05-12,59900.0,7348,1000
4370,8949,2021-06-29,102500.0,6181,0
9265,9186,2023-09-01,52100.0,9731,1500
6797,4116,2023-07-15,40500.0,3690,500
7682,4233,2023-01-23,91300.0,14691,0
4978,3985,2024-10-07,116300.0,18626,1500
2586,6736,2025-09-17,40300.0,7774,2000
4370,6749,2021-08-04,80600.0,10156,500
5270,8853,2021-04-06,69600.0,10488,0
1800,8717,2022-09-05,54300.0,3572,2000
2547,4008,2021-05-07,58800.0,3916,1000
7973,2161,2023-02-10,78800.0,4455,0
5429,2476,2021-10-05,72800.0,3942,2000
7392,8242,2023-07-30,97900.0,18019,2000
6020,9356,2025-06-03,68400.0,11196,2000
5612,2605,2021-08-22,56100.0,7212,500
2136,6502,2024-07-22,72800.0,10606,1500
6319,9783,2024-08-22,98200.0,9425,1500
8766,2194,2022-02-24,105100.0,15536,1500
6238,8924,2023-06-16,55300.0,4456,0
9115,2169,2023-04-30,73000.0,11520,500
4481,6416,2023-05-04,125100.0,19267,0
7869,1080,2021-01-19,37100.0,3749,2000
8031,7447,2022-05-19,51500.0,4599,2000
3486,9986,2021-07-31,36000.0,4806,1000
9693,2367,2024-03-30,69200.0,5563,500
6112,1501,2023-08-12,89000.0,10537,2000
5530,1255,2024-02-05,132500.0,17470,500
5792,2719,2024-07-30,35200.0,6880,0
2034,5372,2024-09-29,77300.0,5892,500
8861,3168,2025-07-11,66200.0,5451,1500
8630,5316,2022-03-30,86100.0,5818,2000
3607,4410,2022-09-28,80000.0,10106,2000
2706,1671,2022-03-23,51900.0,3990,1000
9053,8103,2022-02-08,77100.0,13703,1500
5036,6879,2022-01-24,136700.0,16297,1500
1512,8965,2022-10-25,41600.0,4320,1000
9248,2529,2022-11-24,86400.0,8805,0
4986,4995,2023-12-13,131300.0,22039,1000
5060,5549,2023-04-25,79600.0,5756,2000
9459,1075,2022-10-18,93800.0,12927,0
6334,9590,2020-10-11,96700.0,18683,1000
3573,4798,2023-02-25,90900.0,15460,0
8479,3330,2020-11-20,100800.0,11286,1500
4523,5809,2024-02-08,124400.0,8420,0
7700,5692,2023-12-21,40800.0,6936,2000
1353,3825,2021-07-04,36500.0,7293,1000
2650,5103,2022-09-19,131200.0,25824,1500
4415,8180,2025-04-08,58000.0,4808,1500
5816,9892,2022-08-27,55700.0,3645,2000
4946,4566,2024-01-08,36300.0,1986,1000
5051,4810,2025-01-31,41500.0,7809,500
7759,1792,2023-11-03,133500.0,15688,500
3635,9115,2024-02-18,71600.0,4586,1000
2373,3984,2024-07-16,121300.0,10347,500
5044,7133,2022-09-17,35200.0,3126,1500
5416,1134,2022-09-09,90600.0,14137,2000
2842,3371,2023-05-27,72000.0,8169,1500
7581,4935,2024-04-13,38100.0,3268,500
2942,6919,2024-01-29,118500.0,15745,500
7604,8082,2021-08-10,95700.0,10525,500
9603,6443,2022-07-09,57900.0,7274,500
7715,3643,2023-04-10,61500.0,11999,500
5566,8462,2022-10-17,59100.0,10000,1000
7677,9131,2025-05-07,39100.0,4113,2000
3318,6267,2021-02-18,78700.0,12911,2000
9699,1633,2023-11-20,121800.0,11417,1000
5628,9244,2023-08-27,96700.0,9733,1500
4062,9927,2024-04-09,85900.0,11940,500
8970,6689,2022-04-16,93100.0,11384,0
6657,4602,2022-07-14,135600.0,12757,2000
8619,8750,2022-06-03,142500.0,25404,1500
1743,6354,2023-11-24,79300.0,12787,2000
4610,3953,2021-02-19,99700.0,10311,500
7460,5545,2025-07-26,88300.0,14864,2000
3627,6689,2025-08-20,57100.0,4441,1000
6669,6818,2021-05-30,37900.0,7087,0
1981,6947,2020-12-27,37200.0,5152,1500
3979,4719,2021-03-15,87900.0,4820,2000
9069,7910,2025-03-16,69900.0,3695,0
5797,3712,2024-04-02,50700.0,3390,2000
5222,9723,2022-03-12,90100.0,11584,500
3012,3308,2023-10-13,133100.0,19954,500
6196,9663,2021-08-11,80400.0,11764,2000
9611,7672,2021-02-13,98300.0,10406,500
3366,5226,2024-04-16,49100.0,2676,1000
3227,5650,2025-09-28,97500.0,7360,2000
2640,1804,2020-12-05,98400.0,14815,2000
1590,4746,2022-10-31,39000.0,5600,0
7095,3109,2021-02-10,85000.0,16736,0
1678,5067,2025-08-02,75700.0,9550,1000
9364,3576,2023-11-07,56500.0,7186,500
1889,2502,2022-01-27,51800.0,9354,0
2020,8266,2024-10-02,134800.0,20463,1500
9221,5585,2021-02-13,94400.0,11076,500
1583,2480,2025-05-07,97300.0,6267,1500
3429,9991,2025-04-02,53100.0,9632,2000
1640,9028,2024-07-25,75000.0,10856,2000
4450,9461,2022-11-24,96700.0,16568,0
9829,2001,2021-01-04,58000.0,4426,1000
4855,1472,2023-10-08,58300.0,9754,1000
6667,4353,2020-11-13,69600.0,7241,0
1696,6689,2025-05-21,83500.0,14728,500
3104,5396,2023-10-12,48900.0,6983,0
6021,6570,2020-11-27,41200.0,7319,1500
9866,8092,2025-02-04,40900.0,7935,1500
6687,3998,2023-05-25,72900.0,14259,1000
8170,8851,2023-01-17,36200.0,7129,2000
3711,4250,2021-03-15,55400.0,8443,2000
5662,7491,2020-11-23,41800.0,4120,2000
1790,1970,2022-05-26,115000.0,10449,1000
2621,4025,2021-12-17,103300.0,8094,2000
3404,3281,2023-08-04,52800.0,2919,2000
2811,9174,2024-07-02,37700.0,4758,500
1937,8018,2022-03-22,77400.0,14126,1500
9752,6826,2024-12-22,54500.0,4932,0
7397,9897,2024-03-15,70800.0,7282,2000
5332,3301,2021-12-13,35700.0,3015,0
9269,8861,2023-03-14,59000.0,4722,0
2112,4569,2021-07-08,124400.0,23354,2000
3580,3660,2020-10-16,58300.0,7575,2000
1607,3107,2025-04-01,93200.0,9650,1000
2385,3489,2023-11-16,54800.0,9675,2000
3042,8042,2021-10-30,121100.0,11994,1000
2515,3952,2023-08-02,51000.0,7055,1000
2686,8881,2023-02-01,83800.0,12756,500
1355,6737,2023-02-23,37000.0,3032,1500
6157,6460,2025-05-07,76600.0,6400,1500
9083,5817,2023-04-04,71800.0,13582,1500
8440,2327,2022-03-24,72200.0,10094,1000
8127,6900,2021-03-25,120200.0,21255,2000
7247,4207,2022-12-23,39400.0,6316,500
1417,8554,2022-09-14,69800.0,12595,500
4338,2677,2021-04-17,137200.0,24149,0
8399,7440,2021-05-11,97300.0,6126,0
6356,7419,2021-07-06,39800.0,6611,2000
9190,7059,2024-08-29,97900.0,18228,500
4632,7585,2023-11-12,129800.0,7352,1500
9439,6747,2022-12-30,72400.0,8171,0
6599,9577,2021-06-30,94900.0,11674,1000
7623,1050,2021-06-05,131100.0,8999,1000
1153,5652,2024-01-14,40700.0,4077,1500
6763,6809,2024-06-27,97400.0,16968,2000
6755,5103,2021-10-21,54100.0,10217,1500
3748,7199,2023-05-25,38500.0,5073,500
7929,7184,2021-10-28,91900.0,16682,0
7496,6976,2023-12-18,59000.0,7381,2000
3749,9686,2025-09-18,50600.0,9125,0
9030,8496,2025-01-23,59900.0,6512,1000
2447,2922,2021-12-19,97000.0,17957,0
9150,7936,2025-09-18,91300.0,9583,500
1630,5437,2023-12-12,37800.0,5131,2000
1642,5964,2023-09-15,98200.0,16722,500
1529,7004,2022-05-21,51400.0,5254,500
6728,7710,2021-04-28,133100.0,12201,0
5688,8480,2025-03-03,43700.0,2724,1000
2355,7242,2024-02-13,76500.0,10231,0
7401,8100,2023-07-23,117900.0,16427,1500
6049,5439,2022-02-03,102800.0,8264,1500
2424,4757,2022-10-28,92500.0,8658,1000
9236,7215,2022-09-20,34600.0,4449,1500
9086,5856,2024-04-26,38900.0,3958,500
1807,1666,2025-06-10,104000.0,18639,0
8375,5323,2021-02-14,91400.0,9389,0
2949,7579,2025-05-24,41000.0,2701,1500
4553,9839,2025-07-30,130700.0,6727,0
3262,4203,2024-05-05,71400.0,11494,1500
6292,4919,2021-09-04,97000.0,11660,500
8649,3838,2024-01-23,50400.0,5830,1500
4705,7632,2021-10-15,129400.0,19118,500
3253,4935,2025-01-26,95400.0,12838,1500
7286,2094,2020-11-10,54900.0,7527,2000
9579,3679,2024-10-24,58300.0,9482,500
9754,2913,2023-02-04,36400.0,3455,0
7006,3100,2023-09-06,98400.0,8101,1500
1603,2149,2024-09-29,60900.0,6074,2000
6926,7372,2025-07-17,119600.0,15194,500
7528,8030,2022-03-26,74200.0,7294,1500
9137,1340,2022-09-21,135300.0,20452,1500
1866,5889,2023-11-05,104400.0,13820,0
1532,8471,2023-11-25,89000.0,6523,2000
3497,4988,2021-02-23,69500.0,12621,500
7412,4012,2025-06-22,70200.0,8424,1500
8334,6555,2022-04-29,78100.0,9622,1500
2943,2408,2025-02-12,122000.0,15715,2000
7911,4803,2024-04-03,57700.0,6471,0
6543,9484,2024-02-29,94100.0,16862,1000
5523,6003,2023-07-04,95400.0,7177,1500
3007,7089,2024-03-25,133900.0,12701,1500
2158,2993,2025-02-03,69600.0,10849,1500
7498,7852,2022-03-21,72500.0,11891,0
3932,1349,2020-12-31,42100.0,5651,2000
4785,5215,2024-11-19,39500.0,7335,0
4184,5231,2024-08-12,39300.0,3457,1000
9043,1066,2024-12-06,129200.0,10725,1500
7365,1458,2021-04-05,77200.0,10941,1000
5421,6491,2022-07-15,95400.0,7454,500
8777,4488,2022-01-13,140600.0,26633,2000
9800,5497,2022-04-12,91900.0,17104,500
3893,1857,2024-12-24,121000.0,21193,2000
3699,5774,2023-11-28,56500.0,7602,2000
5067,7998,2025-09-15,71800.0,10533,500
5277,2624,2020-10-31,40700.0,4408,2000
2068,7443,2022-12-29,96300.0,8411,500
1824,9997,2021-01-04,125200.0,8764,2000
7390,9182,2021-06-22,126800.0,11751,2000
5717,4623,2022-03-22,95600.0,17190,500
9974,2725,2020-11-30,73600.0,12081,500
8914,2608,2021-01-22,99000.0,19491,500
7528,7574,2021-02-18,122200.0,16334,0
5244,7011,2024-07-03,38600.0,6069,1500
4140,4943,2024-04-13,36900.0,4380,500
5243,7751,2024-04-29,137600.0,9767,500
6686,6498,2021-05-18,54900.0,5139,1500
3413,2885,2024-02-28,51700.0,9988,0
4730,3162,2024-12-07,54000.0,7868,2000
9534,6715,2025-05-05,73500.0,14254,0
6020,8490,2023-05-12,121900.0,6915,1500
2388,9472,2020-11-29,37100.0,2052,1000
2434,2826,2025-09-15,67100.0,12825,1000
7871,6440,2021-05-04,96900.0,14230,1000
4969,3015,2023-09-19,119300.0,13671,500
2304,5245,2021-07-24,98000.0,15048,1500
2227,6045,2021-01-06,66500.0,12502,0
2244,2038,2021-02-22,41500.0,4662,500
2458,2938,2022-09-24,52000.0,8311,1500
3758,7331,2025-02-11,43300.0,8168,1000
5401,5000,2022-07-13,72600.0,11171,500
6256,2748,2023-12-08,36700.0,3083,1000
4473,1099,2023-05-17,35100.0,6632,1500
4206,8877,2023-03-14,43100.0,5272,1500
9119,5694,2025-02-03,38600.0,4878,2000
5256,8236,2024-03-27,50200.0,6194,1000
8750,1167,2022-07-25,67200.0,6566,1000
1715,5013,2024-06-30,37900.0,4283,2000
1148,4179,2025-06-30,76400.0,12307,1500
3049,4618,2024-06-07,42100.0,8409,1500
4664,3649,2022-02-03,39700.0,6201,1500
4473,8370,2021-02-22,115000.0,19396,0
1613,6858,2024-06-29,95900.0,17398,0
7590,1071,2021-03-08,70300.0,9220,1000
3289,1899,2022-12-14,96100.0,11173,1000
5717,7162,2022-06-23,41800.0,6799,2000
2660,2059,2024-08-20,97700.0,11903,0
1450,2359,2022-01-04,68800.0,11644,0
2169,1029,2022-07-29,37000.0,5043,1000
6610,3912,2021-11-27,142400.0,21907,0
5059,9219,2022-01-02,105300.0,8464,2000
3590,8445,2022-09-03,57400.0,8111,1500
5685,1573,2020-11-09,56400.0,6807,0
1566,3440,2023-05-12,41500.0,4533,2000
5068,1423,2021-05-29,126500.0,10367,1000
8890,9418,2023-10-19,76000.0,11653,2000
4054,6519,2020-11-05,57800.0,5528,1000
6790,1844,2022-09-30,58100.0,6241,1000
6647,6087,2025-06-09,76300.0,12095,500
8503,3851,2021-08-01,135200.0,23948,1500
5457,1946,2025-08-26,98100.0,13674,0
1882,1493,2021-08-10,73900.0,13490,0
8297,1932,2025-05-09,72500.0,10476,2000
1728,7090,2024-03-13,135400.0,19100,1000
9911,2877,2024-05-03,58000.0,9968,1500
1420,8227,2023-07-23,128700.0,12669,2000
8448,4197,2022-05-22,56600.0,6974,1500
3997,5190,2024-12-25,71500.0,5742,0
2024,8790,2025-09-05,96000.0,15017,2000
1892,2972,2021-08-29,131100.0,7359,1000
5101,4226,2023-11-23,123800.0,21322,2000
3699,2077,2023-11-22,121900.0,13395,2000
2386,7201,2024-05-31,78700.0,14644,1500
7927,8961,2025-09-21,39000.0,7089,500
8572,1453,2022-06-01,117500.0,13362,1500
8515,5315,2024-11-01,69500.0,6471,0
7633,2264,2022-06-18,126300.0,14426,1500
2851,8070,2022-09-24,37000.0,3176,0
1196,5574,2025-08-10,80400.0,7289,0
7249,2372,2021-01-26,38800.0,2530,2000
1676,4424,2025-07-09,39400.0,5988,2000
8557,7742,2021-09-27,50100.0,5440,2000
5435,4728,2024-01-05,35300.0,3173,500
8797,7004,2024-02-18,39600.0,2787,1500
1445,6036,2024-11-29,39100.0,4000,2000
7689,9042,2022-07-13,99200.0,15821,500
3514,6072,2021-05-19,92400.0,9718,500
6128,3013,2021-03-02,136800.0,11803,0
9333,4593,2021-11-25,136900.0,23730,1000
7345,8291,2024-01-05,68000.0,11848,500
2929,7611,2020-12-21,130600.0,25764,500
6651,4549,2021-07-07,78300.0,6754,500
7346,7510,2023-01-10,135800.0,12231,0
8683,4364,2025-02-11,36300.0,3085,1500
2933,7333,2024-09-06,79500.0,8857,1000
9678,4415,2024-05-09,49000.0,7412,500
9236,8766,2024-12-31,120400.0,23110,1500
8360,2392,2023-11-11,100300.0,12383,1500
1160,7594,2025-02-10,77500.0,9992,1500
7100,3653,2021-07-18,80100.0,5327,0
1266,2973,2022-08-09,133100.0,21939,500
4837,5947,2023-06-20,88900.0,9600,500
4954,8597,2022-01-24,131500.0,9098,1000
6241,2557,2022-10-23,39900.0,2013,0
4702,4608,2024-12-26,84300.0,7798,2000
6381,6787,2023-07-09,124200.0,6794,500
2908,9577,2021-01-26,75800.0,12212,500
4618,3667,2025-02-14,37200.0,3307,1500
3506,1079,2023-07-23,35400.0,4330,2000
6980,9687,2021-11-27,60300.0,11029,0
3901,9356,2022-09-18,55700.0,3166,1500
7958,7501,2025-07-26,98600.0,8911,500
1320,7285,2024-10-31,122000.0,24321,1500
7198,2244,2023-05-25,41400.0,3479,1500
2881,4035,2022-06-04,41700.0,3655,500
9538,5175,2022-07-22,40000.0,4097,1000
8248,9783,2021-06-09,78300.0,4416,0
8466,4232,2023-12-02,54900.0,9026,0
4886,1110,2025-03-08,40500.0,4688,0
3230,1719,2021-01-18,39200.0,6153,500
5866,7170,2023-12-29,76100.0,10409,500
7455,4859,2022-03-18,69700.0,13137,1000
1374,4909,2021-12-20,98400.0,7473,0
7787,9149,2020-10-25,135600.0,17610,0
9234,5584,2024-11-27,38200.0,2114,1000
4605,7883,2022-07-31,67000.0,8783,2000
7285,1086,2023-02-22,99700.0,14928,2000
2993,6529,2024-12-20,71400.0,4555,1500
7519,2733,2024-12-20,38300.0,5810,0
8813,2437,2022-01-31,51600.0,4918,1500
8291,5141,2021-04-20,74900.0,14787,0
5160,4709,2023-01-11,89000.0,17477,0
4382,1160,2024-08-29,76800.0,13700,1500
4503,6008,2024-05-25,52500.0,3515,1500
6291,9242,2023-04-09,78100.0,5121,2000
7390,1714,2023-09-27,54300.0,7220,2000
3454,8600,2022-03-29,75600.0,5332,2000
5554,1360,2021-10-15,100500.0,18847,500
3072,3481,2022-01-01,100200.0,9273,500
9517,4049,2022-04-05,99300.0,15796,2000
8841,9315,2025-03-15,37300.0,3647,1000
2510,3695,2023-12-22,60300.0,12043,1000
9235,1991,2020-11-06,94800.0,14219,1500
7626,8020,2022-12-29,37900.0,5461,0
1137,2144,2024-07-23,102100.0,7985,1000
1705,9609,2022-07-15,55900.0,6745,500
9030,8096,2025-06-24,78500.0,5741,500
2376,3647,2023-03-10,77300.0,11371,1000
8621,8870,2021-02-15,95800.0,10140,1000
1685,1558,2024-11-12,130100.0,7343,2000
5648,9827,2023-10-26,43500.0,6843,500
6238,1693,2020-10-02,71900.0,10476,0
1352,8515,2024-02-25,116400.0,14454,500
2344,1469,2024-11-16,58600.0,6171,0
9758,5974,2025-09-07,34600.0,6177,500
4738,5904,2023-04-29,58500.0,5636,0
7808,4696,2022-02-13,55300.0,5297,0
6942,2287,2024-04-04,94800.0,5642,0
7204,8875,2024-10-27,49500.0,8293,500
8289,2436,2024-02-03,133300.0,16941,1000
7777,4042,2023-03-05,84200.0,6090,500
8366,8292,2023-03-24,88100.0,6090,1000
1208,4616,2020-12-28,54900.0,7497,1000
6022,4597,2021-10-05,75400.0,9673,500
6651,6731,2025-06-28,75000.0,5969,2000
7213,3682,2024-07-27,55500.0,9094,0
1115,8072,2023-05-15,67500.0,13006,2000
3829,8914,2021-07-04,41800.0,3959,0
3689,2595,2025-02-16,130800.0,19562,0
4962,8809,2022-12-23,86800.0,5141,0
6350,2546,2021-10-14,40600.0,2422,500
8639,9025,2025-02-01,57100.0,9897,1500
5830,1221,2024-05-23,120100.0,7388,1500
5977,9400,2022-05-31,52400.0,3950,2000
5672,4917,2021-10-02,97800.0,5383,2000
4090,7973,2025-05-21,43000.0,6383,2000
9897,1599,2022-07-24,88500.0,8494,1500
9458,3628,2024-09-22,96100.0,16365,1000
5240,9556,2023-01-19,57400.0,5343,1000
3944,9899,2024-10-19,91100.0,14953,2000
4373,9382,2023-09-19,37300.0,3418,1500
1647,6458,2021-03-21,117200.0,16980,1000
8857,2287,2024-09-17,51100.0,9683,1000
1282,7175,2024-06-27,97700.0,16902,1000
2651,2700,2023-02-07,53300.0,7319,2000
7081,2798,2023-10-15,131000.0,24335,500
5877,1386,2024-09-25,35900.0,7097,1500
4279,3837,2021-04-17,66500.0,8679,2000
9656,8425,2021-12-01,99700.0,11384,500
1118,8104,2021-01-04,40900.0,7727,500
3592,9005,2020-11-29,120200.0,23070,0
4313,5448,2024-10-20,59500.0,7732,500
9031,3090,2020-11-26,120500.0,17646,1000
6361,8866,2023-12-27,97500.0,8609,1000
7292,9172,2022-02-25,36200.0,2110,1000
3530,2448,2023-03-16,65800.0,11424,1000
9764,1430,2023-10-15,82600.0,8675,2000
1273,9066,2021-04-17,94900.0,9177,0
5121,5287,2025-07-23,65900.0,12596,0
3685,4096,2024-05-09,48800.0,4946,0
6819,4899,2023-07-30,96000.0,11759,500
9264,5762,2021-10-07,95400.0,12465,0
4279,3252,2023-01-18,42200.0,8205,500
2838,6036,2024-06-05,50500.0,2605,2000
6529,3580,2024-08-29,68500.0,8508,500
9092,6535,2022-07-23,37700.0,6638,1500
4744,2255,2022-12-20,36100.0,6844,1000
2659,9677,2024-10-13,39200.0,6603,1500
1838,4231,2022-11-26,51900.0,2951,1000
5091,4478,2024-05-12,74000.0,10675,1000
2572,4774,2020-12-21,117200.0,11257,2000
7230,6750,2023-08-12,133000.0,16444,1500
3330,9943,2021-11-03,54100.0,4446,1500
9939,1362,2025-07-14,41800.0,5357,0
1419,2459,2022-11-11,56800.0,3337,0
8412,7382,2022-05-20,76000.0,8388,0
5250,8581,2022-07-08,88000.0,10569,0
6680,6450,2022-12-25,43900.0,4025,1500
3159,5561,2021-12-24,55300.0,10403,1000
9722,8376,2025-05-04,84600.0,15826,1500
3784,1103,2022-11-24,132800.0,11254,0
7347,7062,2023-10-25,95200.0,8937,1000
3974,6429,2021-08-16,36000.0,3174,500
6915,7371,2023-10-27,41600.0,6955,0
2807,7548,2022-05-25,126800.0,8936,2000
6053,9220,2024-10-30,129100.0,7026,1000
2724,5276,2021-10-31,38200.0,4835,1500
4378,4669,2020-10-25,83200.0,7064,0
1531,2740,2022-03-09,37400.0,2005,1500
2055,2673,2022-08-21,50600.0,8472,500
4363,1953,2020-11-02,91700.0,12896,1500
5172,1018,2024-01-04,103900.0,20666,500
7786,8617,2025-08-25,92700.0,13128,1000
9757,9127,2023-04-10,89000.0,7121,2000
7972,9482,2021-04-17,83400.0,8185,500
1160,6878,2025-08-01,51500.0,8618,1000
2717,9639,2021-06-04,80100.0,7692,0
7677,2050,2022-02-05,97300.0,14811,1000
3113,1246,2023-02-03,123800.0,13509,0
8049,2546,2025-05-13,80100.0,6553,500
6458,5185,2024-03-05,125600.0,9462,1500
7169,5799,2024-05-09,48800.0,6737,2000
2028,9838,2022-12-08,97600.0,18608,2000
2044,3863,2024-11-06,67100.0,11792,0
4839,1859,2024-05-18,40000.0,3674,500
3601,1744,2023-10-02,56100.0,4332,0
5567,2751,2021-11-28,74000.0,7376,1000
6031,4197,2025-04-30,117600.0,6382,2000
3649,1841,2023-10-30,52100.0,6834,1000
3640,4691,2024-06-11,41500.0,3596,0
9706,5336,2022-02-10,101000.0,12162,500
4510,7636,2022-12-22,39200.0,3668,1000
9602,4217,2024-11-20,103200.0,14117,2000
5505,3479,2022-04-04,84600.0,11947,500
8344,6287,2023-12-12,36700.0,5264,500
2370,5762,2025-02-04,128800.0,19775,2000
8261,6205,2020-10-24,34800.0,4797,2000
9129,3716,2023-07-11,40800.0,3285,0
9559,6913,2023-08-03,95300.0,7265,1000
3045,9850,2023-07-21,92200.0,7175,1000
8315,3023,2025-07-15,37100.0,3916,1500
3030,3137,2020-11-29,95300.0,9522,2000
6442,8427,2025-02-24,76500.0,4732,1000
5278,8341,2020-12-10,48700.0,9361,0
7638,2925,2024-01-18,54400.0,2875,2000
5859,9028,2024-04-06,36300.0,5511,1500
8847,7817,2023-12-08,114600.0,12162,2000
3352,8577,2023-06-27,51100.0,9141,500
9011,1676,2025-08-25,118700.0,14270,1500
2913,2797,2023-12-14,83100.0,14667,1500
3322,3089,2022-05-19,130200.0,7901,0
2346,1879,2023-02-18,105300.0,9393,500
7670,6428,2024-01-01,57100.0,4488,1000
4743,9140,2024-05-22,132300.0,20323,0
2016,1565,2025-08-02,39300.0,3326,2000
3185,5252,2024-11-02,58100.0,6906,1000
5341,3477,2022-06-03,42800.0,5376,0
4932,2728,2024-12-01,95100.0,9592,1000
9048,1739,2023-09-03,79700.0,12877,1000
1720,2636,2022-09-24,114500.0,18069,1000
2401,2614,2022-06-02,41400.0,3991,1000
6922,5633,2024-10-29,80200.0,12714,0
4158,5360,2022-09-22,72000.0,11161,2000
6556,7191,2025-05-19,88900.0,13328,2000
8033,1181,2021-01-24,55500.0,5365,0
1199,6709,2022-03-13,132500.0,17154,0
7929,9781,2023-07-17,42600.0,8140,1500
8911,3901,2021-09-20,73100.0,9833,2000
7965,4189,2024-07-16,41200.0,5054,500
2980,1293,2023-09-07,78500.0,9987,1000
8335,6860,2020-10-05,42900.0,5249,2000
6228,2526,2022-12-08,55400.0,3033,1500
1328,1884,2025-04-30,76100.0,9826,1000
5815,6290,2025-03-14,51300.0,7190,2000
5135,6729,2021-03-24,42200.0,8268,2000
3449,6116,2023-07-26,41900.0,5168,0
4869,1597,2022-02-14,90200.0,9712,0
7084,1536,2022-07-16,142500.0,21065,0
2030,7422,2023-12-20,58300.0,10466,1500
3923,5424,2023-08-23,41800.0,5724,2000
7153,1829,2022-03-28,56000.0,9962,500
4618,9903,2024-07-18,41400.0,3736,0
5902,6403,2022-12-14,39100.0,6060,1500
8074,7673,2025-01-18,132900.0,14205,1500
9913,1070,2021-05-20,37400.0,5074,1000
5364,4713,2020-12-17,95400.0,10476,0
7184,3075,2023-08-02,86400.0,9346,1000
7516,6483,2021-09-04,123400.0,23805,2000
1810,7161,2022-04-27,119200.0,9554,1000
4908,3422,2024-06-09,72200.0,4058,2000
3158,9625,2022-12-03,80900.0,7300,1000
5224,9284,2024-09-22,97700.0,16101,500
1678,9902,2022-09-27,89100.0,9565,1500
9078,5150,2024-12-04,57400.0,5044,500
6260,1975,2021-04-23,68600.0,6615,2000
9852,6929,2024-08-24,55000.0,3858,2000
2707,9791,2025-09-24,59600.0,9773,1500
6121,5246,2021-02-16,131200.0,17736,500
6242,6202,2024-02-11,52300.0,8826,1000
4102,9159,2022-09-24,141100.0,27952,2000
2215,5251,2022-05-10,57500.0,8536,2000
8189,6913,2023-03-27,58200.0,3303,1000
6635,5255,2022-07-03,89900.0,5683,2000
3360,7195,2020-10-21,129000.0,19156,0
7073,4282,2023-12-14,38600.0,4567,2000
5079,6651,2022-05-14,97500.0,17399,0
6999,9944,2024-02-12,96000.0,14321,0
3446,6781,2023-02-01,133800.0,8899,0
3246,3482,2020-12-03,117700.0,19656,1500
3449,4733,2023-06-25,126700.0,18413,1500
7878,9073,2021-09-08,137700.0,25120,500
7573,1669,2022-08-17,41300.0,7397,500
4554,2524,2022-10-30,131300.0,9533,1000
1094,4054,2022-07-21,95800.0,15687,500
6969,6494,2023-06-01,78100.0,9120,1000
7552,5162,2022-09-28,123100.0,24012,2000
3382,2150,2023-08-07,49500.0,6428,0
6711,5506,2023-09-08,67200.0,10012,0
8141,7571,2021-01-17,126900.0,12749,2000
3184,5905,2025-08-10,135000.0,19177,2000
1219,2431,2023-12-19,142200.0,25134,0
2396,9514,2024-05-15,87500.0,5130,0
5398,8177,2021-05-20,99800.0,10248,500
4895,9548,2023-01-01,37200.0,2160,0
5075,4516,2022-10-02,51000.0,4288,1000
5351,9966,2023-09-02,125900.0,6823,1000
3208,7853,2023-07-01,40800.0,7060,500
6016,5083,2025-03-20,52500.0,6169,0
2414,7853,2022-02-17,53700.0,4087,0
7421,8941,2023-09-22,51200.0,3553,1500
5428,6079,2021-12-01,40900.0,5199,0
5277,6126,2025-05-28,88700.0,9178,1500
6135,7125,2022-08-27,72900.0,11603,0
7200,3324,2020-12-03,50900.0,7766,1500
5551,3911,2024-11-29,129600.0,17355,0
3784,1238,2024-01-30,37900.0,3756,500
8026,7138,2022-02-04,87800.0,9793,1000
6455,4826,2020-11-07,89400.0,15275,2000
1717,5264,2025-08-25,57100.0,7339,1000
9377,6206,2021-01-11,125000.0,8695,0
6424,9493,2022-08-09,126300.0,24355,500
3663,4689,2025-08-05,97200.0,12159,2000
1820,6455,2023-06-15,76100.0,12561,500
7108,7667,2023-10-19,80000.0,14960,0
8518,6330,2025-09-21,78500.0,14948,0
7268,2012,2025-04-30,89600.0,10755,500
6428,8602,2021-03-06,40000.0,7976,0
8028,9747,2024-01-01,41900.0,3849,1000
6610,5627,2023-09-10,36500.0,5178,1500
8640,2344,2022-02-13,52000.0,10084,0
7302,4497,2022-06-18,76000.0,3857,1500
7344,6533,2023-11-30,100900.0,7513,1000
8167,8503,2024-03-21,133300.0,26218,500
4208,9103,2023-03-21,124100.0,20159,1000
7409,8940,2021-03-21,59800.0,7098,1000
6791,7847,2023-02-04,95300.0,15389,1500
5899,9760,2024-06-25,129100.0,16623,1500
9857,2463,2025-06-15,91300.0,17025,1500
2209,4724,2022-07-16,50500.0,6010,1000
4146,2717,2022-08-31,136200.0,15817,2000
9943,4136,2024-04-17,51200.0,3159,1500
9687,3400,2023-12-26,40300.0,6705,2000
3443,2294,2024-08-02,132600.0,24585,2000
4336,6398,2025-06-21,77200.0,6814,1500
1020,4591,2023-07-04,119700.0,17457,2000
2556,3570,2023-07-05,51600.0,8350,1000
3571,4841,2024-02-22,72900.0,4602,500
2677,9059,2022-05-19,42400.0,2473,0
5650,3564,2023-05-05,51000.0,6862,500
2017,2458,2022-05-10,134500.0,17087,2000
2972,4766,2025-01-23,127100.0,10089,1000
1498,5892,2024-09-03,125700.0,23397,500
6528,9379,2023-02-12,60700.0,7429,1500
5758,9925,2021-11-22,126000.0,22361,1000
4138,5001,2023-09-06,56000.0,7744,2000
4496,7347,2023-08-11,95700.0,9935,0
3615,3568,2020-11-22,96900.0,15490,2000
4079,8298,2023-02-06,135700.0,15196,0
7209,7919,2025-05-24,53600.0,8116,500
2504,9549,2025-05-31,40700.0,6407,1500
8846,7185,2024-08-25,76900.0,9786,1500
5423,9704,2021-08-12,87400.0,12743,0
2932,5621,2024-07-10,56500.0,7767,0
4566,5382,2021-12-21,88500.0,5422,2000
1413,5359,2020-11-15,86200.0,4454,2000
7179,4994,2024-01-25,73900.0,14727,2000
7032,1189,2021-10-23,40500.0,4379,1500
6816,3749,2022-02-18,140200.0,19278,1500
4912,1878,2021-01-02,89500.0,11230,2000
3517,1957,2021-03-07,58100.0,9102,0
8289,5347,2024-02-04,58900.0,10716,500
8759,5323,2024-03-16,37400.0,2655,1000
7148,5690,2023-03-13,125200.0,15626,0
1597,6318,2024-05-21,131300.0,17204,0
1473,2589,2021-05-18,86000.0,15799,500
2950,4824,2023-12-16,38100.0,4737,2000
3968,3992,2024-01-22,86200.0,10691,2000
9169,6835,2024-07-09,55900.0,4681,1000
7376,1658,2023-04-07,76300.0,10292,2000
5291,3073,2022-11-21,56400.0,3138,1000
2627,4062,2025-03-04,76800.0,9892,1500
1964,3216,2023-05-05,77700.0,14892,500
5037,4042,2020-10-30,86300.0,11335,1000
4268,9964,2020-10-20,70900.0,7326,1000
8517,9015,2025-06-24,71500.0,9399,500
4896,1861,2025-01-28,54800.0,4591,500
8343,5108,2020-12-10,74300.0,4860,0
5241,4253,2023-03-29,127900.0,18759,1500
6629,4825,2021-08-24,76500.0,6368,1000
4261,5699,2023-05-10,53500.0,3075,2000
3460,5570,2022-10-24,35700.0,6288,500
4782,6627,2021-12-29,78400.0,5696,1500
5229,5172,2025-08-23,100800.0,5725,0
6922,7270,2025-09-29,92200.0,11214,500
7277,8523,2021-03-17,70500.0,7380,1500
3098,7160,2021-03-11,122600.0,13325,500
2230,4806,2021-08-13,74100.0,4569,2000
3366,2102,2025-09-13,75700.0,11429,500
1928,9063,2023-08-24,100900.0,14746,2000
4395,8288,2023-02-01,99000.0,15568,1000
2365,4859,2021-05-02,133400.0,19551,0
6598,2259,2021-04-03,77500.0,6817,500
4172,2556,2021-03-24,68100.0,10502,2000
5501,8576,2022-11-18,85600.0,15107,2000
9807,5097,2023-05-15,118800.0,22541,2000
6933,3179,2020-10-14,79200.0,10546,1000
8959,7413,2022-02-13,127800.0,17358,500
8817,3678,2023-10-14,54300.0,7239,2000
2150,5767,2023-12-21,39600.0,7295,1000
5908,1607,2023-04-29,100900.0,14357,1000
6020,1466,2021-09-11,37900.0,6505,2000
4460,7825,2021-01-01,53800.0,4336,1500
7842,4085,2023-03-03,58700.0,8966,1500
1270,9642,2024-04-24,100000.0,18721,500
1408,1269,2023-08-23,36400.0,2545,1000
7077,6013,2022-04-26,100500.0,15897,500
8482,3521,2025-01-12,114300.0,10786,0
7669,7387,2024-01-10,101400.0,16155,500
4814,9779,2024-10-14,36400.0,6309,500
9928,8839,2023-08-25,56600.0,8666,0
3239,2523,2025-03-27,51600.0,7748,0
2271,3202,2025-04-26,55900.0,9536,500
4870,9878,2024-10-10,38800.0,5171,2000
5701,9103,2021-09-11,56000.0,5351,2000
7996,9203,2023-12-22,85700.0,5479,1500
1446,1447,2023-11-06,72900.0,8409,1000
1397,8282,2021-12-03,43100.0,3088,1500
3850,6928,2024-03-29,80900.0,12562,2000
2789,5119,2022-06-04,58300.0,10970,2000
8321,6081,2022-08-21,128600.0,20322,1000
4733,5485,2022-06-13,54600.0,3381,0
4985,3835,2022-04-18,36300.0,6072,0
2263,2448,2023-05-31,81900.0,15947,1500
8446,5496,2022-10-28,77300.0,5440,2000
3047,8573,2024-12-20,78700.0,12310,500
3046,8551,2021-08-17,55100.0,4094,1500
7729,1041,2023-06-21,52400.0,8039,0
5067,9485,2022-07-19,34900.0,2603,500
1824,1143,2023-01-29,35800.0,5333,1000
7494,4879,2023-04-12,35000.0,3532,1500
6821,2750,2025-07-24,134300.0,22856,2000
1206,6110,2023-07-16,80700.0,4534,500
6563,2660,2023-07-31,53900.0,7562,500
3095,5664,2021-01-06,75200.0,9445,1000
5161,3500,2023-09-12,36700.0,4409,500
6500,7770,2021-05-28,124600.0,17125,1000
5049,9819,2023-06-02,84700.0,7690,500
5533,2275,2023-08-14,87400.0,16510,500
4702,7893,2024-08-06,41700.0,3101,500
1850,2068,2025-08-18,74200.0,14555,1000
4067,6500,2022-07-13,36800.0,6221,500
6980,3706,2021-01-26,75200.0,12716,2000
6831,4058,2024-07-19,56300.0,8044,500
8968,7867,2022-04-04,57000.0,11387,1500
7890,1136,2024-01-09,57500.0,3682,2000
5534,4786,2020-10-07,35600.0,3249,1000
8666,1418,2021-06-18,67100.0,4910,1000
4184,9396,2024-07-15,50100.0,5062,0
2371,8390,2021-06-15,73500.0,4486,500
5787,1109,2022-08-22,132400.0,20829,1500
6992,5784,2023-02-27,39400.0,2259,1000
7906,7603,2023-06-12,38900.0,3056,0
7221,9147,2021-11-10,69600.0,3774,1000
3763,6460,2023-11-07,79100.0,5260,1000
8038,8881,2020-11-16,127200.0,9508,2000
4098,9178,2024-03-23,39600.0,2537,500
9396,2899,2021-03-02,71400.0,7072,2000
1229,9201,2024-12-12,127600.0,8728,1500
7203,6755,2024-02-19,90700.0,12791,0
8224,6664,2024-05-21,42900.0,2422,500
9808,3390,2022-01-08,74100.0,11135,1000
7661,3778,2024-07-06,58500.0,4583,1500
9828,4318,2023-03-02,85500.0,8926,2000
9948,9191,2022-03-14,51500.0,6824,2000
3157,9279,2020-10-23,72800.0,4807,2000
8437,2688,2025-03-03,61400.0,10757,1500
2218,4886,2024-12-18,52400.0,5605,1500
5598,2710,2024-11-20,52100.0,5404,1500
8590,3098,2022-08-12,68500.0,4123,1000
4407,1756,2021-09-06,87500.0,5274,1000
5037,1411,2024-08-24,73700.0,11214,1500
4156,7702,2022-04-27,58800.0,7675,2000
1427,2822,2025-09-10,90800.0,16391,2000
9128,5133,2024-08-05,52800.0,6515,2000
3574,6755,2021-12-24,54800.0,9542,500
8142,8726,2023-06-19,138200.0,12991,1500
7436,9973,2025-05-22,56000.0,9965,2000
3630,7251,2024-08-14,65700.0,12653,1000
2888,6949,2021-03-04,132500.0,15055,1000
2430,9207,2024-09-20,127100.0,18557,1000
8626,7237,2025-05-12,57200.0,8280,500
3949,6193,2022-07-13,53500.0,8250,1500
6932,6437,2024-06-25,78400.0,5627,1500
8661,2648,2021-02-03,93400.0,13422,500
1662,6474,2022-03-22,74900.0,6185,1500
8941,3582,2021-08-04,93700.0,8662,0
6730,2485,2024-10-22,41200.0,7845,1000
6158,9870,2023-08-05,59300.0,3059,0
1397,5500,2022-08-11,79600.0,8347,0
3740,6667,2023-09-06,43200.0,3695,1000
4122,8509,2022-04-06,39200.0,3814,500
3523,7915,2024-11-21,53200.0,3288,1500
4856,8449,2022-05-03,122100.0,17634,1000
6146,3981,2023-05-04,69100.0,11324,1000
9528,3162,2020-12-05,69100.0,7685,500
5216,6730,2025-05-30,117400.0,12970,500
9106,2021,2021-01-21,52600.0,4655,1000
6868,6604,2025-04-05,88800.0,17412,1500
8599,1880,2024-09-27,59100.0,4792,1000
4192,5320,2021-02-14,40100.0,4312,500
6962,4375,2024-07-31,77400.0,13823,2000
8104,1207,2025-04-11,134200.0,22799,500
5213,8853,2020-11-20,54900.0,2993,1000
2030,2164,2023-12-07,67000.0,10901,1500
3949,1357,2025-03-13,51700.0,7640,0
7474,4137,2023-04-05,135000.0,24576,2000
4305,1650,2024-08-29,51300.0,5195,500
8688,1414,2024-02-22,41200.0,2956,500
7885,5176,2021-03-25,53300.0,10580,0
5524,9083,2021-03-21,53700.0,4399,1500
4659,2761,2025-06-03,85200.0,8523,1000
9604,5341,2023-08-31,117800.0,20664,1500
1105,4374,2024-11-06,54600.0,10062,0
5404,7470,2023-06-12,86600.0,16339,500
5699,2728,2025-03-06,126300.0,19821,0
8874,5294,2020-10-17,120900.0,21973,1000
4900,3521,2024-12-15,49400.0,3454,500
8959,4151,2022-04-18,39400.0,7506,500
2739,7081,2021-01-12,39400.0,6431,1500
2045,4782,2023-10-22,38200.0,6259,1500
3890,5162,2022-10-28,118200.0,8584,2000
4264,7830,2025-01-26,59000.0,11318,2000
3541,5423,2020-10-10,42000.0,7677,500
7239,3359,2023-07-21,96800.0,9810,1500
1823,3977,2021-02-14,73200.0,14438,1000
2161,6128,2024-09-08,77700.0,12213,2000
6655,4668,2023-12-02,49500.0,9726,0
9299,1373,2021-09-25,79900.0,12064,1000
1572,7278,2021-07-01,69300.0,11546,500
8714,7225,2022-07-06,89000.0,11988,2000
4367,3744,2025-03-07,40900.0,2143,500
8443,6810,2022-11-28,89100.0,4574,1000
5686,2397,2021-01-02,117200.0,8036,500
7645,8634,2024-08-15,94700.0,10458,1000
3957,6380,2022-07-25,41800.0,5155,1000
6580,7232,2024-12-13,48400.0,6319,1000
6009,5386,2020-11-22,73700.0,4003,1500
5946,3675,2021-03-27,42900.0,3772,500
1503,1375,2025-05-12,35400.0,1880,1000
2274,2247,2023-06-15,88800.0,13391,500
3130,9249,2024-02-23,117100.0,10514,2000
5167,5905,2025-06-16,70900.0,11668,0
1805,3513,2024-08-01,100700.0,19546,2000
8466,8935,2021-06-04,92900.0,7452,500
4340,7067,2021-04-15,35100.0,2362,2000
4010,5752,2023-12-23,61600.0,5827,1500
7123,4426,2025-10-01,70200.0,8880,500
4777,5429,2025-09-07,100300.0,18243,1500
7784,6311,2023-02-05,72100.0,11237,2000
6108,2826,2024-04-10,35800.0,3477,500
1202,2992,2022-10-26,127500.0,6527,2000
7985,2407,2022-02-27,99600.0,16578,1000
8736,8562,2024-09-26,53500.0,6367,2000
1798,3963,2023-05-20,75400.0,6568,0
7005,6070,2022-03-11,123800.0,22746,1000
2667,3931,2024-06-23,72900.0,3890,500
4896,1283,2025-07-18,52200.0,6237,1000
8424,4008,2021-01-23,100400.0,5411,1500
8870,1084,2021-02-11,39500.0,4529,2000
6041,9870,2022-04-28,54200.0,6937,0
8133,2143,2022-01-16,71900.0,5034,500
7478,2913,2022-12-27,86600.0,11470,0
1457,3438,2021-01-27,128800.0,9995,1000
6651,6832,2021-11-06,99900.0,19424,2000
6718,2800,2023-10-03,37500.0,4916,1000
2155,2751,2023-06-18,122600.0,16377,0
3202,7040,2021-01-17,67800.0,5454,0
8048,3048,2023-07-25,128600.0,20597,1500
8805,3048,2022-01-10,43900.0,4342,1500
3200,6049,2021-12-09,119500.0,8533,2000
3695,4713,2025-03-09,79900.0,4082,1000
8196,9611,2020-10-09,70000.0,5711,2000
3916,2185,2024-02-18,49400.0,3441,0
9194,5204,2025-01-28,133200.0,24094,500
7055,2910,2025-08-08,127200.0,13550,0
6108,3428,2025-03-11,96900.0,11674,1500
2532,6419,2021-08-06,118900.0,21528,500
4258,5657,2024-05-31,58500.0,9460,0
7214,9458,2021-11-29,101300.0,18882,2000
1403,2664,2024-11-30,54100.0,8896,2000
3878,3199,2023-06-17,85400.0,10161,0
8455,5984,2025-04-27,87600.0,8326,1500
5591,6899,2023-12-07,89500.0,14444,1000
5220,1597,2024-01-11,140600.0,20931,500
2971,6250,2024-07-17,125100.0,6739,1500
1577,4229,2020-12-07,40500.0,7879,2000
5267,3029,2023-05-12,129400.0,19952,1000
5230,3300,2024-06-27,34900.0,6449,2000
8411,5716,2023-12-11,35100.0,4311,1000
5048,8098,2025-01-18,40500.0,4483,1500
8775,7419,2023-10-24,117600.0,8412,1000
4900,3632,2021-06-23,42100.0,3426,0
8260,4564,2025-09-05,41100.0,4291,500
5393,3075,2022-11-18,53600.0,7253,2000
3464,8276,2022-09-01,70900.0,12129,0
6958,5242,2022-04-21,96500.0,11317,500
3920,7635,2022-07-19,135500.0,11134,2000
9613,2306,2022-07-20,75900.0,14422,500
9826,2807,2025-05-22,65900.0,6979,500
4140,2479,2022-05-17,93900.0,15419,500
3698,9790,2022-11-25,67400.0,11769,2000
2241,4555,2021-01-31,57100.0,10515,500
8100,1888,2021-01-05,92100.0,17362,0
7992,8840,2024-12-13,135100.0,11715,500
9667,7086,2022-02-13,41500.0,2343,2000
6719,1444,2020-12-14,35600.0,6506,500
4577,8166,2021-11-14,67400.0,12276,1500
8524,2552,2021-07-18,120400.0,6478,2000
6374,8156,2022-09-23,74900.0,5009,1000
4446,4514,2024-11-24,55400.0,6873,500
5653,2777,2021-08-13,42000.0,3514,1000
1672,4158,2022-06-25,80200.0,14001,500
7525,5050,2020-11-26,129300.0,13054,500
6672,6662,2025-07-14,70100.0,8046,1000
3730,9082,2021-03-18,104400.0,8147,1000
9529,4681,2024-05-16,79800.0,9344,500
5703,6775,2023-08-11,57200.0,9477,2000
5944,3401,2021-01-26,75300.0,5629,2000
4515,2900,2024-06-12,40500.0,3149,500
1584,8732,2022-06-06,67800.0,8290,1000
9622,2168,2020-10-17,90000.0,9503,1000
8502,2053,2021-10-18,66200.0,4777,2000
4992,8653,2022-12-07,98300.0,6964,500
4426,6067,2024-09-29,76700.0,11002,500
4967,8994,2023-09-11,55000.0,3241,2000
3007,6111,2022-11-25,76500.0,5809,1000
5199,1522,2022-06-22,132500.0,12736,1500
2660,3937,2025-06-17,119100.0,15771,500
7652,4264,2023-08-09,36700.0,6893,1000
6770,9897,2025-07-02,98900.0,7610,500
6824,2981,2021-10-27,38200.0,2990,1000
7897,9461,2025-08-07,87500.0,5506,1500
5378,8029,2022-01-12,86800.0,16310,1000
9052,7710,2023-06-10,37700.0,7400,2000
6552,4590,2025-03-01,68700.0,13395,1500
1098,2386,2022-02-14,78600.0,4582,1000
9869,7041,2024-11-25,71900.0,7168,1500
9300,2160,2023-10-16,128000.0,24620,2000
5554,6168,2021-01-22,93400.0,15826,1000
3409,4173,2025-02-01,56400.0,5872,1000
9723,6863,2024-11-16,100200.0,11903,500
5208,8876,2021-01-13,55300.0,10005,2000
6772,2369,2023-02-07,43000.0,5058,2000
6497,6587,2023-05-26,131100.0,9850,1000
3553,7038,2024-08-26,40400.0,7400,2000
2401,8338,2021-08-31,39500.0,4770,500
1245,3145,2021-07-01,129800.0,23181,1500
6744,3494,2022-12-11,71500.0,6225,0
3842,8291,2020-11-23,37800.0,6596,2000
7383,4415,2022-05-03,43200.0,8200,1500
5054,8532,2025-07-04,59000.0,10352,2000
1167,3832,2021-07-31,56100.0,5618,1500
2422,9497,2022-09-10,41600.0,2319,0
7132,8406,2023-04-04,54000.0,9670,1500
8101,2438,2024-04-03,69400.0,5330,500
3683,8892,2022-06-30,41100.0,3620,1500
3184,3701,2025-02-19,37200.0,3574,0
7320,1091,2023-02-18,125200.0,20387,0
6201,3858,2024-11-09,52600.0,9871,500
6384,1168,2023-01-11,113000.0,19843,1000
2888,6175,2021-10-22,51900.0,5700,2000
6525,4439,2025-06-26,83700.0,4405,0
6633,5214,2021-06-15,38000.0,2884,0
5385,6520,2025-04-20,42600.0,2415,1500
9852,3305,2024-06-07,50700.0,7575,2000
9468,7508,2024-07-04,100600.0,16395,1500
4264,4397,2024-02-10,96400.0,5952,0
7433,5206,2021-12-20,86300.0,10903,0
6926,2588,2021-06-01,58000.0,4329,1000
5797,5588,2024-06-30,42000.0,3697,2000
5900,1228,2025-01-21,70800.0,8820,500
4355,5331,2024-01-13,39500.0,7823,2000
9307,1290,2025-01-07,140300.0,12008,1000
7563,8312,2021-12-06,60700.0,3491,1500
4840,8557,2023-11-30,136300.0,16970,2000
4762,7994,2022-11-03,43300.0,6771,1000
2599,9270,2021-08-30,54900.0,6858,1000
7626,6705,2025-05-18,139800.0,8465,0
7814,8170,2022-10-30,87100.0,7654,2000
6487,5690,2025-09-18,38400.0,7356,0
6507,3209,2024-06-12,131900.0,20187,0
9711,1242,2024-09-15,67900.0,4373,2000
5819,7407,2023-04-11,103200.0,7685,1500
4376,7236,2021-01-03,66000.0,5582,500
9638,4337,2025-02-16,94900.0,18592,0
7744,9018,2024-02-09,74600.0,6088,1000
1102,2536,2023-05-24,93200.0,7253,2000
6585,3612,2024-05-09,95800.0,12000,2000
5956,4930,2025-01-16,85200.0,5005,2000
8599,6602,2024-06-26,68800.0,7904,1500
7689,5641,2024-12-21,37300.0,3878,0
3253,6984,2025-07-29,41300.0,3286,500
4817,9062,2021-08-16,135800.0,9421,500
8403,9117,2022-08-18,83100.0,9919,0
9984,8096,2021-03-12,35400.0,4698,1000
8591,3121,2022-08-27,76100.0,10218,500
9457,6450,2021-03-03,83800.0,11281,0
5493,6374,2024-04-15,35000.0,2285,1500
4306,7545,2025-02-28,100800.0,11061,0
2422,3009,2020-11-09,118500.0,11793,500
6696,9986,2022-05-19,37800.0,2377,1500
3923,2539,2021-06-11,71600.0,9314,2000
5106,2227,2021-03-10,41200.0,6895,0
5369,2667,2025-05-22,118900.0,23719,500
9337,5286,2022-04-30,37100.0,3004,2000
2340,3922,2021-04-24,91100.0,12382,1000
6981,9290,2022-04-26,71600.0,6548,1000
2959,6562,2021-12-03,132400.0,15597,2000
5013,2515,2024-11-24,75100.0,5781,500
8566,6214,2022-06-05,131100.0,9791,2000
7696,1416,2022-07-09,100100.0,10695,2000
2029,5648,2024-01-15,122100.0,10021,2000
6137,9674,2024-11-07,87100.0,8467,500
6120,2598,2022-12-30,41200.0,2667,1500
4109,5296,2024-03-10,56200.0,4450,0
5028,3800,2025-04-05,42000.0,4173,2000
1961,4622,2025-06-09,120700.0,19368,2000
4513,6359,2020-11-16,87100.0,7073,2000
9958,9421,2023-09-30,130300.0,11309,1500
8123,4196,2024-11-19,36000.0,4646,1000
4237,4807,2024-05-21,58800.0,5864,1500
4822,1057,2024-11-25,68200.0,3996,0
5164,8052,2025-05-15,93600.0,13866,2000
3245,9712,2021-07-04,77100.0,3920,1500
8847,5347,2023-07-17,74700.0,5433,2000
6605,6943,2021-12-11,91500.0,12765,1000
4490,2498,2023-02-10,67400.0,6696,0
8230,1463,2025-04-26,39700.0,2789,1000
5607,6156,2022-04-04,123700.0,7905,0
3165,8515,2023-02-06,124200.0,23494,500
7282,6284,2025-04-08,39400.0,7517,1000
7592,2483,2025-04-19,97600.0,4966,1500
3540,8395,2024-10-26,133400.0,15902,1500
9097,2655,2023-08-21,127100.0,12382,500
2626,4553,2021-10-18,77500.0,4063,0
1783,3649,2023-09-23,56500.0,4335,0
6730,4129,2025-07-20,53500.0,6459,0
5586,8887,2025-06-30,38100.0,5388,500
9865,8943,2024-03-31,88700.0,9077,500
9285,5824,2021-09-23,134500.0,22754,500
1771,1064,2021-12-08,70500.0,7225,2000
1444,4384,2022-09-09,38400.0,6547,2000
1391,3410,2024-09-01,86600.0,13248,0
5576,3733,2024-03-29,37000.0,5083,0
2471,5630,2022-08-30,36800.0,2098,2000
8685,5064,2025-03-24,132700.0,18806,2000
8612,9838,2021-11-21,115900.0,10755,500
8491,2680,2022-01-19,117000.0,15191,1000
9757,5949,2021-03-04,112800.0,14854,1000
9811,4017,2021-02-23,73400.0,13687,1500
6420,9575,2020-12-31,100500.0,17343,1500
4085,5657,2025-09-18,137800.0,15140,500
7743,2581,2021-10-27,40600.0,2591,1500
3012,6600,2020-11-02,135000.0,21940,2000
4078,6564,2022-12-01,54000.0,2936,1500
6707,2349,2020-11-11,83800.0,14790,1000
1692,8397,2022-07-21,49100.0,4942,2000
2683,6852,2025-05-10,38500.0,5731,1000
5332,9007,2024-08-31,89700.0,10450,1000
5598,1484,2022-11-15,124500.0,6862,1000
8399,1568,2021-08-26,41500.0,7720,500
5803,8314,2025-08-25,92600.0,7991,500
5130,6188,2023-03-24,35700.0,2956,0
9156,5821,2021-12-12,72200.0,4368,500
1588,3013,2025-05-16,34700.0,6299,500
2508,2711,2020-10-07,57800.0,9856,1000
2617,7108,2023-01-12,50700.0,6628,0
4935,6864,2024-05-31,43700.0,8376,1500
3939,1036,2021-02-03,118000.0,15564,1000
1564,1059,2024-12-06,134000.0,24105,0
7510,8504,2025-08-19,39400.0,6817,2000
1853,5513,2021-07-24,49700.0,3261,500
8037,4417,2024-12-14,131700.0,26038,1500
6132,7707,2023-01-04,58500.0,7226,1500
9250,6328,2022-02-12,103800.0,11281,1500
1714,8848,2025-07-29,53300.0,5466,2000
6969,1286,2021-10-12,88200.0,17125,1000
6768,3741,2022-12-28,119300.0,6160,1000
1550,2216,2021-06-06,87300.0,4495,500
2928,8254,2021-05-04,52100.0,7307,1500
9952,4512,2021-11-04,40600.0,2390,2000
1209,6456,2023-06-30,36400.0,4816,0
1797,5321,2024-07-09,75900.0,10365,0
3463,2390,2024-02-03,127800.0,22763,1500
2251,5991,2022-04-15,55100.0,7339,1500
5608,2574,2025-05-12,80600.0,5080,1000
8993,5471,2022-02-20,91700.0,14712,0
9677,4392,2021-09-09,60900.0,4162,1000
2497,4137,2023-04-08,39600.0,7124,0
3755,8190,2024-03-13,44000.0,2302,2000
9957,2816,2025-07-06,52700.0,5436,500
9006,9955,2025-08-29,37800.0,6236,2000
6424,5654,2024-05-13,137100.0,22794,500
5226,5763,2021-01-07,42200.0,2192,1500
9497,9644,2024-04-20,53000.0,9194,500
7320,2471,2023-03-05,54500.0,5932,500
4535,3833,2022-05-14,56300.0,9884,2000
8365,1638,2022-06-12,74200.0,11709,1500
5037,6025,2020-10-17,124500.0,17933,0
6861,1966,2021-03-09,120900.0,22594,500
1397,6002,2022-12-10,36400.0,6738,1500
2367,6148,2025-01-15,139500.0,14667,1000
2728,8456,2021-11-04,49500.0,6007,0
7978,1428,2022-04-23,54800.0,6882,1000
2501,8204,2023-11-20,66600.0,9117,1000
8508,5490,2023-06-15,80200.0,10720,1000
1133,9240,2022-06-22,73700.0,5406,1000
1952,4950,2025-01-21,85200.0,6284,0
4669,8820,2021-05-18,77200.0,11467,500
7153,8204,2022-06-01,68000.0,13000,2000
4170,2388,2024-06-11,117000.0,7706,500
9273,1286,2024-09-24,132800.0,11714,1000
3958,7162,2025-07-21,95600.0,12005,0
1485,8847,2021-10-20,51400.0,5326,1500
7248,6688,2023-09-25,90600.0,9584,1500
5510,1789,2024-11-23,94400.0,18707,0
1062,9772,2022-11-13,95100.0,18035,1500
1393,8914,2025-01-28,77500.0,11213,1500
9215,7789,2025-07-02,53400.0,7220,500
5178,6848,2023-03-17,55400.0,6991,1000
9471,9126,2025-03-20,94500.0,15919,1500
1873,9025,2023-04-27,49900.0,4508,1500
6342,3763,2022-07-04,85700.0,15661,1500
1168,7806,2021-09-10,41900.0,5729,0
2992,2568,2022-11-20,75300.0,9095,500
4436,1369,2022-03-17,80100.0,8806,1500
8104,3463,2020-12-08,74100.0,4586,0
3158,1729,2023-11-18,89000.0,14327,500
6234,2111,2022-01-09,73900.0,4519,500
6404,2888,2021-09-04,79600.0,12126,1000
3489,2796,2021-06-10,99100.0,5450,1500
9393,1433,2024-09-12,49900.0,3500,500
2401,4119,2022-10-04,36100.0,5240,1500
8826,1775,2023-12-08,113300.0,6282,1000
5073,1634,2022-09-15,116100.0,9260,1500
5278,4351,2021-03-29,135500.0,7459,1000
4889,7809,2024-02-08,57700.0,8048,500
9833,9074,2025-08-20,73700.0,10715,1000
2796,3473,2021-06-16,70600.0,8627,1000
4560,8249,2021-09-02,51800.0,4944,500
2505,6657,2025-07-21,54900.0,5084,500
7907,7501,2021-11-15,35100.0,6444,500
8610,6330,2023-05-25,40300.0,6254,2000
6311,5402,2021-04-24,57400.0,3356,1000
8584,6492,2024-01-12,43300.0,7417,2000
4306,7179,2021-10-26,128700.0,7234,1000
4035,8706,2023-01-12,94600.0,8971,0
4785,3107,2024-01-03,76600.0,8477,1000
2955,9235,2021-08-24,88500.0,10958,2000
6087,4242,2023-12-13,125900.0,20814,1500
2587,6086,2025-08-15,38200.0,4031,1500
7557,3947,2022-10-03,138100.0,23871,2000
3930,4228,2025-07-21,117600.0,12551,500
3158,3452,2024-09-17,35100.0,6011,0
1921,2170,2023-01-03,53900.0,6888,2000
5795,4196,2025-02-11,117300.0,20633,0
7087,9788,2020-10-17,124100.0,21299,500
6050,7769,2024-06-25,51900.0,8329,1000
4466,5692,2024-07-18,55700.0,7576,0
5964,9979,2023-03-05,40700.0,5873,0
9281,8126,2022-01-28,49200.0,6128,1500
6205,9738,2024-09-27,40000.0,7760,0
2077,2877,2024-12-14,42000.0,7424,2000
2411,1083,2022-10-02,87900.0,10531,1500
7047,5922,2023-05-05,127800.0,14409,500
6354,8531,2021-07-21,71600.0,7731,1000
5181,1817,2021-03-31,76600.0,10697,1000
8277,6238,2024-08-10,50100.0,9571,0
9663,4483,2025-02-26,99800.0,7772,1500
7084,8019,2020-12-24,48700.0,9264,0
9921,3780,2021-08-01,36400.0,6349,0
7051,1281,2023-08-13,55400.0,8552,1000
9045,7722,2024-10-06,91000.0,15723,0
4077,9877,2020-12-26,115800.0,14098,1500
4764,2012,2025-09-23,135500.0,12050,1000
5226,9294,2024-11-27,84600.0,5299,500
8456,7210,2024-11-21,57800.0,6932,2000
7114,7507,2020-11-27,54600.0,5504,500
6097,7160,2023-02-09,39900.0,2794,2000
4562,3580,2022-02-08,87800.0,6055,2000
3235,5227,2025-02-19,58000.0,4618,500
8252,8931,2020-11-04,38500.0,4254,500
1665,9247,2025-01-31,43500.0,7173,500
7821,7654,2024-02-21,34900.0,5528,0
4630,5382,2022-10-19,91300.0,8840,1500
3434,4299,2024-03-03,115400.0,17984,1500
1915,2039,2021-09-25,56600.0,3039,2000
4944,7874,2024-10-10,50300.0,8630,1500
7894,9915,2023-10-05,52300.0,6686,500
9698,9130,2023-05-06,130400.0,8554,1500
1601,6668,2025-02-28,101900.0,13866,2000
8112,3394,2025-06-20,39200.0,2494,2000
5059,5181,2023-02-14,125200.0,23711,1000
7334,5084,2023-03-04,115100.0,9737,1000
8358,4517,2024-09-10,115100.0,17507,1000
3043,5872,2022-03-26,102900.0,6844,500
5803,1745,2021-10-27,35700.0,4131,1000
2106,1532,2025-06-25,37400.0,3346,500
9876,2793,2023-03-25,49100.0,8396,2000
4891,6352,2024-03-09,40600.0,3732,2000
2122,1146,2022-04-24,70300.0,11488,2000
8392,3515,2024-12-10,135000.0,13550,0
6203,9779,2024-11-16,74800.0,13824,0
1309,7205,2021-08-06,138100.0,27472,1000
5990,2465,2021-02-10,91600.0,10363,500
7524,2224,2022-06-03,101000.0,9002,1500
4456,1694,2021-02-09,70500.0,10742,0
1313,7394,2022-04-27,135800.0,26619,1500
7095,2356,2024-11-04,55000.0,9336,500
2146,7245,2023-01-02,78500.0,14337,500
7402,1974,2023-11-30,43200.0,5288,0
8412,4756,2024-01-25,136400.0,11312,1500
3853,2140,2024-12-22,82300.0,14961,1000
6123,2450,2022-11-13,79600.0,7592,2000
1464,7390,2024-07-17,139100.0,15530,1500
4805,8500,2023-11-26,76500.0,10515,2000
9300,9997,2023-06-21,76900.0,5403,0
6069,1790,2021-09-30,58500.0,10392,500
5916,7368,2020-11-11,75500.0,13444,1500
7163,7044,2024-02-20,76000.0,11702,2000
4650,6772,2023-11-07,122500.0,20773,500
8437,9931,2020-11-23,48500.0,5221,2000
2686,8475,2021-08-08,35800.0,3891,0
5871,9303,2023-06-17,101200.0,18407,1000
8698,1389,2025-04-09,97700.0,8296,2000
9416,2293,2023-04-06,38100.0,5060,1000
2538,2035,2021-06-10,67700.0,6647,500
7021,6934,2024-08-07,78100.0,7857,1500
4013,8353,2025-07-05,37500.0,2558,500
7525,8203,2025-07-30,70400.0,9467,1500
1674,3964,2023-11-14,39600.0,2552,0
1647,2101,2024-10-03,55500.0,3722,1500
8284,5630,2025-06-30,55300.0,4360,0
3192,7436,2023-11-29,50300.0,7692,1000
4050,9415,2024-01-30,75400.0,5867,0
2084,1608,2022-01-12,70000.0,10543,2000
8797,7214,2024-08-21,80500.0,15791,1500
4351,2605,2024-04-19,72800.0,12208,2000
6856,7399,2021-12-16,98200.0,12264,500
7749,2382,2025-05-16,58500.0,7953,500
2867,2088,2024-01-14,90600.0,17456,0
3929,7389,2023-01-14,129600.0,6775,500
7494,9723,2025-07-12,87900.0,14187,0
2446,2460,2024-08-19,52000.0,6178,1000
6400,5481,2023-02-09,68900.0,6635,2000
9274,9587,2021-01-25,43200.0,3002,1500
2263,7356,2025-04-30,77300.0,8427,0
3415,8722,2021-05-28,53600.0,10194,2000
5027,5131,2025-03-31,141900.0,8455,0
9493,8589,2024-05-01,49400.0,4020,1500
4387,9904,2021-07-15,97500.0,13895,0
9673,6295,2020-11-27,39400.0,3318,1500
6311,3342,2022-04-13,90100.0,13794,500
6517,8368,2023-10-10,41600.0,4843,1500
7253,8984,2024-07-29,57600.0,11135,1500
1525,4481,2022-10-15,89200.0,13173,1500
9581,6980,2024-03-30,134700.0,14800,1500
2545,1335,2022-06-28,103800.0,12328,500
6365,1041,2024-11-13,124500.0,9776,1500
5686,2176,2025-09-15,70900.0,3558,2000
7638,4115,2023-03-20,68600.0,9582,2000
7228,6141,2022-04-10,51900.0,4298,1000
6785,5298,2024-11-16,83700.0,7908,1500
5636,2330,2022-04-07,88300.0,9728,2000
3673,2763,2022-03-09,134200.0,12298,0
8954,4084,2023-08-10,99500.0,17327,0
2908,3694,2022-02-17,50300.0,5814,0
9202,5572,2024-11-29,95600.0,12434,500
3975,6644,2023-08-15,84800.0,16088,1500
1610,4056,2024-10-28,37200.0,6116,1500
1301,7277,2024-08-21,81400.0,4158,0
9577,5171,2021-03-04,69700.0,8355,1000
4203,9601,2025-07-17,79100.0,13283,1500
9269,8186,2023-10-04,134100.0,20008,0
6044,4438,2022-04-12,101800.0,7379,0
2101,4457,2021-10-09,50300.0,3947,1500
4024,2661,2023-02-23,129700.0,15856,1000
4322,3436,2023-10-14,51200.0,7510,1000
3185,7541,2025-01-07,78900.0,5035,1000
7365,4052,2023-02-10,88500.0,5912,1500
7762,7930,2024-04-27,58600.0,9519,1000
7952,6662,2021-02-04,36500.0,4373,1000
9354,2325,2023-04-26,59600.0,6320,0
5042,9265,2023-02-01,75800.0,7172,1500
6224,8221,2024-03-15,115100.0,20199,0
9286,4452,2022-05-22,56100.0,10293,2000
6095,3477,2021-11-16,125100.0,9648,0
6334,2041,2022-06-11,91100.0,10511,500
6036,2777,2021-04-26,35000.0,4062,1500
6285,2084,2024-05-19,70000.0,7879,0
9887,9016,2021-09-01,115900.0,8309,1000
2221,5190,2021-06-21,132300.0,25133,1000
7289,3173,2023-01-19,100300.0,7194,2000
5972,9281,2022-07-05,39600.0,6762,1500
1978,3613,2025-08-03,69000.0,10172,2000
5026,8741,2024-03-30,68900.0,12521,500
1180,5775,2025-01-26,40200.0,6793,500
3231,2921,2023-05-13,58700.0,10398,0
5730,1350,2022-12-26,81900.0,13865,500
7490,5504,2023-12-05,135500.0,22467,2000
8650,3751,2025-03-08,90700.0,16314,500
5137,3978,2024-01-25,97200.0,14231,0
5465,5184,2022-11-12,93200.0,5639,2000
1896,7829,2023-04-14,34600.0,2735,500
2429,9153,2023-04-28,86200.0,11935,0
1784,9481,2021-04-02,85400.0,10224,1000
1660,3114,2025-02-06,57800.0,8563,1000
7294,7691,2023-09-11,126600.0,11126,500
4304,6450,2022-08-19,71700.0,11690,500
7605,6666,2023-02-02,74400.0,5329,0
8509,6746,2022-12-11,112400.0,12103,0
4690,4801,2021-11-15,77800.0,10425,1500
5586,9872,2021-12-24,40400.0,5737,1500
6403,2676,2021-06-13,86000.0,5828,0
1601,3398,2024-11-05,116000.0,11143,1500
8100,9935,2023-09-26,132200.0,15544,500
2145,4695,2024-06-07,55900.0,6527,0
9437,5470,2023-02-02,126600.0,20354,2000
1031,2277,2021-08-01,51600.0,5891,0
8822,9545,2024-11-29,50400.0,8631,1500
8293,7843,2023-11-18,34700.0,3951,2000
9856,7494,2022-01-09,99000.0,5235,2000
5500,3874,2023-10-10,92900.0,5579,2000
6990,8933,2022-06-07,49300.0,2916,500
9268,3474,2024-03-14,52200.0,3880,0
7713,8226,2022-05-11,52900.0,8270,1000
5424,3366,2025-05-06,52700.0,8770,0
1964,5199,2020-11-26,38800.0,5856,0
9677,6900,2022-02-28,55800.0,10160,2000
2947,5557,2024-03-12,38100.0,6997,1500
5593,7673,2024-02-04,127800.0,9609,1500
6018,5185,2021-10-10,36400.0,4361,1500
7058,8182,2021-05-28,91700.0,13051,2000
6533,7747,2020-10-06,41200.0,2821,1500
4019,1221,2022-05-04,40400.0,4558,500
5475,8134,2024-09-29,73400.0,10199,1000
8805,3750,2024-04-05,52000.0,9620,500
3970,6317,2021-07-10,41200.0,4962,1500
3209,7281,2023-04-10,37900.0,6287,0
8271,7915,2024-01-01,54400.0,6141,1000
8527,8735,2024-05-06,127700.0,11661,2000
9945,8364,2023-06-16,140700.0,24303,1000
9962,4595,2024-08-14,94000.0,5845,500
6164,1801,2025-03-03,57200.0,6667,1500
4055,7673,2024-07-16,39800.0,2501,500
1751,7577,2022-05-25,124100.0,23949,1500
3382,9220,2021-09-08,69500.0,12994,2000
6216,5473,2023-09-12,42500.0,5885,1500
8101,3011,2023-04-07,39200.0,5388,0
4399,1863,2024-11-06,86300.0,5089,500
6033,2013,2025-01-27,67700.0,10514,2000
5419,7692,2025-01-31,83300.0,16190,1500
3930,5433,2023-06-01,89600.0,14843,1500
3555,5689,2024-03-11,101000.0,17942,0
7103,6304,2024-03-30,96800.0,19244,0
1593,6269,2025-08-19,113500.0,19035,2000
8945,5506,2021-04-24,98400.0,12530,500
3012,5715,2022-12-02,71900.0,8311,0
4693,9999,2024-12-12,35400.0,2412,500
5913,6430,2025-07-03,133200.0,26631,0
9394,4462,2024-02-17,69400.0,6542,1500
6455,3716,2024-07-16,117000.0,14723,2000
5878,6704,2024-08-03,116300.0,22419,1500
9041,5355,2023-07-13,69700.0,8611,2000
5468,8980,2025-09-05,37700.0,2222,0
3264,3356,2021-07-27,126500.0,12563,0
1866,9964,2022-11-11,78400.0,6879,1500
7550,5925,2025-03-04,57000.0,4158,1500
4396,9590,2024-09-08,132800.0,21077,1000
1241,7572,2023-07-21,76700.0,3860,2000
6963,7692,2024-07-11,124500.0,6484,1500
8684,1425,2024-08-12,38500.0,7136,0
5943,4170,2023-03-04,115100.0,17160,500
8959,1745,2020-12-11,36600.0,3027,1500
7500,9462,2023-03-28,59100.0,11403,1500
9855,6239,2024-12-10,92200.0,9046,500
8674,9512,2024-02-10,94900.0,9573,0
5307,6075,2025-09-02,74600.0,5577,0
8633,6477,2021-12-03,71600.0,7713,2000
1076,8976,2022-04-10,69700.0,12975,500
5286,1255,2024-10-22,38500.0,7631,500
8177,8361,2024-01-21,74600.0,9820,1500
5128,5986,2021-12-10,115500.0,6157,1500
9683,3164,2023-10-05,90100.0,12117,2000
1598,4995,2023-05-10,134400.0,25172,2000
6916,3815,2023-07-20,133100.0,7142,1000
6986,1538,2021-11-05,50600.0,4736,1500
2662,6424,2020-10-31,41800.0,7847,1500
1308,9247,2020-12-30,129400.0,20711,500
5474,2582,2025-03-05,80000.0,13685,0
2468,6105,2022-01-16,67200.0,7817,0
7309,8142,2023-03-12,78900.0,6265,1500
3973,4846,2023-11-15,68600.0,4435,0
6344,5016,2022-10-21,41000.0,7772,2000
6064,9619,2022-02-28,36300.0,4167,0
4057,2446,2023-02-28,99900.0,13022,1500
9950,1777,2023-05-02,57300.0,5534,500
5086,2517,2023-01-14,92800.0,5215,1500
7890,6864,2021-05-27,52000.0,4675,1500
2919,8823,2025-08-23,123600.0,15204,1000
2831,9324,2024-04-24,41500.0,6350,1000
6316,2451,2023-12-15,66600.0,10028,500
9678,8120,2023-03-28,135200.0,14045,1500
4469,5729,2023-01-29,60700.0,9944,0
7014,9474,2024-03-04,89600.0,6948,1500
4465,7380,2025-04-21,72500.0,14259,0
7240,8476,2022-03-25,56600.0,11074,500
3883,6511,2021-04-15,91500.0,13112,0
6906,7013,2022-02-26,35600.0,5059,1500
8362,3140,2022-08-07,60800.0,3569,2000
5307,7632,2023-07-05,100100.0,6279,500
3467,2400,2021-07-03,58300.0,8403,0
9780,2508,2022-09-28,54600.0,10228,2000
6304,7244,2022-11-09,87100.0,16191,1500
3751,7076,2024-08-23,40500.0,4214,0
2580,6090,2025-04-19,112600.0,10433,0
3908,2534,2024-12-01,127800.0,21727,1500
4356,3870,2021-03-01,85700.0,10929,500
8945,9995,2023-11-15,41400.0,4337,500
6673,7616,2025-06-20,37500.0,2083,500
6236,9892,2022-04-18,57100.0,4650,1500
6730,6031,2021-07-17,93700.0,5203,1500
9641,4632,2022-05-13,99600.0,11531,0
1378,1247,2025-05-11,51000.0,6484,2000
7951,4234,2022-01-07,134500.0,19799,0
1486,5857,2022-10-07,85600.0,8699,1000
4401,3799,2025-03-30,122600.0,9276,0
1788,4786,2022-12-02,39200.0,6651,2000
6905,6602,2025-04-08,93400.0,7201,0
4399,1518,2023-03-13,88700.0,13834,0
6092,6737,2023-08-01,59200.0,5937,0
6617,6097,2023-07-01,96000.0,11817,500
5931,4111,2020-12-27,113100.0,12202,1500
3059,9673,2024-09-06,76700.0,13153,2000
6356,3910,2024-09-10,118500.0,22846,1500
5236,4044,2021-02-06,50200.0,2904,0
5476,1968,2021-12-01,49200.0,4383,1500
3179,5724,2022-06-03,86400.0,7585,500
6271,4887,2024-02-07,117200.0,20251,2000
5408,7789,2024-09-16,89900.0,13801,2000
9296,2900,2025-08-10,90500.0,4991,1500
9973,7443,2025-09-19,52500.0,5742,2000
5271,9288,2021-09-12,86900.0,15555,500
6568,2271,2020-12-24,85800.0,7778,1500
4455,8732,2022-08-03,121700.0,15534,500
9256,5577,2024-11-13,40600.0,7297,1000
2928,5576,2022-01-16,51300.0,3823,500
3091,3225,2025-07-23,97200.0,18693,1000
5926,5658,2022-11-12,34600.0,6714,500
2451,3758,2023-11-13,74400.0,10327,1000
7557,1771,2021-06-26,141800.0,8702,1500
4863,8576,2024-03-17,40500.0,2083,2000
7438,7793,2021-05-31,37200.0,5534,500
6469,4994,2023-06-19,138500.0,10576,0
9581,4706,2022-01-21,126800.0,16696,1000
5468,1347,2020-11-06,74700.0,4459,1500
7768,8652,2023-12-08,73400.0,14528,500
5228,3038,2020-11-21,77500.0,8317,1500
3404,9210,2022-02-03,132500.0,21578,1500
5781,2023,2022-11-23,127100.0,9754,1500
8674,9589,2025-02-25,35500.0,5448,500
7323,2705,2025-07-10,50900.0,8993,1000
4202,1630,2022-05-12,90300.0,18029,1500
6150,5191,2022-01-23,128300.0,14664,500
1787,6125,2025-08-23,92600.0,12341,1000
3445,8384,2025-02-10,132600.0,9129,1500
7115,2479,2023-07-08,87800.0,7693,1500
6980,3940,2022-04-12,91400.0,12992,500
7791,5160,2025-04-04,73800.0,13380,1500
9878,8150,2025-07-20,39900.0,6806,1000
7505,7454,2025-02-13,79900.0,11829,0
6549,3534,2024-03-10,95500.0,7055,0
7994,7370,2025-02-26,113300.0,12783,1000
3399,1592,2024-11-25,78700.0,11994,2000
8651,2923,2023-09-05,39300.0,6727,1000
7968,3328,2021-06-18,84400.0,11944,1000
7431,9141,2021-08-12,55600.0,3265,0
5396,6722,2025-06-29,79400.0,15099,500
6121,8846,2024-02-11,86100.0,11753,2000
7914,7872,2025-04-11,66800.0,7021,500
5414,8070,2023-10-17,77100.0,7814,0
3392,7108,2021-02-18,76300.0,11814,0
8459,9664,2023-09-26,121700.0,8420,2000
4671,8633,2025-07-23,76700.0,12644,1000
9928,1463,2023-11-27,131600.0,15045,1500
7255,2433,2021-02-14,129200.0,12873,0
2423,5901,2024-07-16,122400.0,19643,1500
1832,1484,2022-02-10,141200.0,13761,500
4552,5997,2021-07-13,57200.0,7441,500
3214,1571,2023-01-18,68900.0,10380,0
9770,5335,2022-01-31,86700.0,13101,1000
1201,6801,2025-09-29,36500.0,5158,500
2652,6936,2021-01-22,92700.0,13997,0
9450,9155,2021-08-07,113200.0,17111,2000
3835,3281,2022-05-04,41600.0,4240,500
7023,7214,2022-12-14,94200.0,8993,2000
2227,5636,2024-06-12,52200.0,5444,500
3563,5818,2020-12-01,99000.0,6712,0
9414,3817,2023-04-13,87400.0,13300,1500
9425,2546,2021-03-04,81500.0,15887,1500
9535,9071,2023-06-07,71700.0,12673,1500
2293,9666,2022-02-10,52800.0,2942,500
8902,8326,2023-04-13,100600.0,12021,2000
1439,9047,2022-04-17,87300.0,5509,500
4673,1728,2024-01-12,34700.0,6086,0
6610,5041,2020-12-31,73600.0,14091,1000
9685,1044,2023-09-09,42700.0,6787,1500
9337,4670,2024-06-02,35000.0,4948,2000
5279,8934,2024-11-08,51800.0,6287,1500
8851,1402,2021-03-11,128300.0,25458,2000
4236,2806,2025-06-28,58600.0,9270,1500
1014,4313,2025-05-05,123500.0,12467,2000
4653,5760,2022-10-05,98700.0,6283,500
7963,5768,2021-10-23,99200.0,19531,1500
8058,4034,2024-02-23,79600.0,14020,1000
2294,9487,2024-02-26,73200.0,13020,500
9041,4917,2022-04-27,74200.0,10885,1500
1316,7686,2023-12-04,87700.0,12903,1000
5846,2900,2024-10-20,137200.0,19306,500
1599,7280,2024-06-12,124900.0,18631,1500
6431,2571,2023-03-03,128500.0,20541,1000
6333,8243,2022-12-29,114000.0,16522,1000
5013,9025,2025-07-12,124400.0,8388,1500
1476,1679,2021-05-11,38500.0,4025,1000
1416,2153,2023-05-01,43100.0,6500,1000
1362,4726,2023-06-08,113800.0,17479,1500
6547,5710,2025-02-11,89300.0,8930,0
9235,8200,2021-05-05,50100.0,8755,0
9622,9001,2021-10-30,36500.0,4167,2000
7296,3580,2021-01-20,88400.0,12572,2000
8183,9940,2025-05-31,37900.0,3008,2000
5594,1340,2022-02-09,98900.0,13326,1500
8388,2753,2022-01-20,112400.0,12413,1500
5771,2396,2023-11-28,134100.0,15712,500
6730,3524,2024-11-20,83800.0,4393,1000
4458,6864,2021-06-19,90900.0,13183,500
7711,6732,2022-11-28,130500.0,23428,1000
9786,8994,2021-04-02,51600.0,7762,500
3412,1765,2024-01-06,40000.0,7207,1500
9744,5000,2023-05-23,69300.0,10464,1500
3604,8244,2023-11-14,129400.0,7008,0
6030,4924,2025-03-25,51300.0,8238,0
6191,7331,2022-10-26,57000.0,9827,1000
8023,3434,2020-11-11,125700.0,12340,0
9445,1514,2022-10-10,96600.0,11062,0
1871,2376,2021-12-20,34900.0,3492,0
6858,3041,2020-12-10,39400.0,5600,1500
5214,2933,2021-08-09,85300.0,14145,500
2333,9955,2025-05-14,41400.0,7294,500
2558,8533,2025-05-04,59100.0,6045,500
3345,7645,2021-01-05,57500.0,4859,2000
7308,8100,2024-06-14,93800.0,7929,0
2211,1240,2021-08-24,97900.0,11993,1000
5719,4340,2021-09-12,100800.0,10907,1000
6787,8183,2023-10-28,134100.0,22444,2000
2218,8920,2023-02-14,93800.0,12886,1000
8269,6574,2024-06-18,134400.0,9831,500
6695,6798,2020-12-09,101500.0,7942,500
8256,9709,2023-05-22,49200.0,8434,2000
4990,5695,2023-04-24,56500.0,10678,500
8649,6061,2022-10-31,69200.0,4805,2000
8840,8054,2023-10-16,128700.0,15541,1500
8336,5094,2025-08-04,52400.0,3658,1500
4785,1362,2025-09-20,76000.0,15125,2000
3559,9540,2023-01-07,68300.0,3825,1500
5183,1024,2024-05-01,42300.0,2875,1500
1196,9813,2021-05-03,50100.0,9141,1000
7078,9287,2023-07-29,89500.0,13341,2000
6878,6605,2024-07-04,53200.0,8218,1500
5058,9348,2021-09-07,40300.0,4052,1000
3887,5052,2021-02-04,52700.0,9055,0
1369,9019,2022-08-20,96600.0,13094,1500
5424,4564,2023-05-02,74000.0,8918,500
2262,1949,2024-09-24,91400.0,6281,2000
8880,9073,2022-05-20,97000.0,5550,500
1818,3696,2024-06-13,100100.0,10260,2000
3891,3516,2023-08-14,55100.0,4524,1500
5372,5589,2021-08-26,70400.0,5745,500
3882,2708,2024-07-15,137100.0,13318,2000
2481,8676,2022-08-17,73800.0,11627,1000
6901,9711,2024-06-04,67600.0,4440,2000
4702,5792,2020-11-06,55800.0,4371,0
1297,9349,2022-06-17,40100.0,4149,2000
5803,6295,2025-07-06,79000.0,6870,1500
4706,9422,2023-10-31,104500.0,9004,2000
8770,6884,2022-04-02,85300.0,7938,2000
9313,5352,2024-01-25,39800.0,4396,1000
9442,5225,2024-08-11,115200.0,12812,1500
5286,2508,2024-07-07,89900.0,7908,1500
4809,1835,2025-08-30,37000.0,3343,2000
4784,1853,2024-11-18,38400.0,7380,2000
1798,7327,2023-01-27,39800.0,3694,0
7661,1602,2024-06-08,132900.0,24832,500
6567,5206,2022-07-09,67200.0,13353,1500
3011,1980,2025-04-08,52500.0,10259,1500
9175,6153,2022-05-30,88100.0,15628,500
7198,2900,2024-07-26,104900.0,16566,2000
2312,6667,2021-10-18,100900.0,12004,500
7387,7837,2023-06-16,119200.0,17045,0
4144,9527,2023-01-27,83000.0,11780,0
3046,7202,2024-02-29,139500.0,11882,0
3724,7238,2021-01-10,40700.0,6986,2000
2851,6813,2022-10-16,71200.0,11202,1500
8393,1801,2025-03-29,58700.0,4620,1500
3190,8416,2024-06-22,48700.0,9658,2000
7685,8632,2021-04-10,38500.0,5830,1500
4959,4448,2022-12-10,97000.0,16247,1000
5603,5367,2021-01-26,51200.0,8755,0
4643,5221,2022-09-14,112500.0,12089,0
7866,9991,2024-07-31,117700.0,16494,0
4801,4165,2022-09-27,57000.0,7185,1000
9424,2293,2024-08-31,53500.0,4801,1500
6122,9001,2021-11-26,94200.0,18709,1500
4370,2894,2023-02-12,93500.0,17930,1000
6710,9319,2023-08-18,74300.0,14457,1000
9438,4580,2025-03-06,126500.0,18966,2000
3830,1748,2024-05-24,69200.0,7593,500
3776,3039,2025-01-20,38900.0,5073,1000
4142,2362,2023-10-23,113900.0,7426,1500
4046,3950,2023-11-28,124600.0,19356,1000
2749,5581,2022-05-17,65800.0,5004,0
5336,2681,2020-10-15,40800.0,8089,1500
5670,9982,2022-01-27,129700.0,7195,2000
7299,4749,2023-01-14,52000.0,6905,2000
2786,8717,2021-07-30,134900.0,18321,1000
7601,9647,2021-02-05,54000.0,9314,2000
3461,1822,2023-08-07,118700.0,8615,0
5070,7129,2023-02-14,95600.0,15192,500
7238,4279,2023-06-22,124700.0,23253,1500
1993,5954,2022-06-29,86700.0,14404,0
2442,1424,2024-01-03,57600.0,6322,0
4700,5889,2021-08-23,100100.0,18958,2000
2074,2923,2021-12-23,122500.0,20681,0
8986,4490,2024-09-25,91800.0,15372,0
2090,6631,2020-12-25,135800.0,8365,1000
3222,2082,2023-11-13,52500.0,3620,500
5963,5854,2022-01-10,54100.0,5181,1000
5718,6328,2021-02-14,132000.0,25768,1500
1885,9026,2024-09-06,39700.0,5716,1500
1868,7721,2023-04-30,69000.0,3663,1000
9967,4770,2022-01-22,50900.0,4769,1500
2122,2007,2025-07-14,54300.0,8110,0
3905,7772,2025-03-06,41200.0,3873,1000
8274,6936,2022-02-18,76500.0,13988,2000
5661,7506,2022-12-18,86800.0,11541,2000
1658,6783,2021-05-09,123600.0,9699,2000
1305,6903,2021-09-18,88300.0,6542,0
6069,9594,2021-06-29,52300.0,8582,1500
3136,9786,2022-12-14,40200.0,6457,2000
6764,7455,2023-07-14,40400.0,6930,2000
2224,6606,2022-06-09,73100.0,10101,0
2440,1079,2025-09-09,116900.0,17400,500
5446,9599,2020-11-22,54700.0,10870,1000
1910,1686,2024-04-22,51500.0,5320,1500
5074,6021,2024-01-30,90700.0,10863,1000
3743,3248,2021-05-17,40000.0,2213,0
2511,5652,2024-03-18,79300.0,15358,500
5616,3302,2022-09-19,39200.0,5114,0
4884,6444,2023-02-22,133100.0,14976,1500
1921,4772,2021-12-02,89400.0,14344,500
8539,1335,2023-08-09,102600.0,15640,2000
1865,4603,2023-01-07,88100.0,14310,0
4839,4772,2022-09-29,135700.0,7501,2000
6348,4207,2022-12-20,90000.0,14493,2000
4051,5861,2025-01-22,37200.0,4038,1500
4391,6725,2023-10-16,57100.0,5359,1500
6002,3503,2024-05-24,104400.0,14370,2000
5370,9334,2022-01-15,50600.0,4500,2000
8379,6631,2022-03-16,34600.0,3667,0
6113,7074,2025-08-31,38900.0,6929,1000
9349,9922,2024-10-11,34900.0,3173,0
8138,2652,2024-01-25,92900.0,12317,0
2515,3617,2024-11-28,132300.0,19637,1000
7197,1419,2023-10-06,98800.0,7182,1500
8538,6092,2022-12-22,55500.0,4239,2000
5502,9660,2023-09-08,87500.0,12562,500
7381,1244,2021-05-06,98900.0,15003,0
3100,7319,2023-06-25,55200.0,4314,1000
9528,9959,2021-01-16,88200.0,6198,1000
2679,2612,2022-01-18,90000.0,16142,500
5619,6226,2024-07-11,93800.0,15324,1500
2933,7397,2022-10-09,76300.0,11053,1500
1458,9216,2024-10-20,43200.0,4172,1000
9002,3210,2022-07-27,100300.0,9716,0
9654,2453,2024-12-09,90300.0,7204,500
9217,1189,2020-10-30,38400.0,5654,1000
6368,3271,2020-10-27,125900.0,18820,1000
8614,1913,2022-11-27,93200.0,12868,2000
8345,4275,2024-11-01,41400.0,6947,2000
8517,3680,2024-07-25,93300.0,9476,2000
2025,7908,2021-04-14,48400.0,9093,2000
6424,1005,2025-02-07,75500.0,10362,2000
4738,7987,2024-03-12,40800.0,3213,500
7062,3735,2022-09-26,79800.0,6802,1000
8831,1467,2021-03-12,49000.0,3629,2000
6591,9423,2023-07-20,36100.0,3592,1500
2050,9675,2023-04-26,96000.0,14189,2000
8134,7821,2024-07-29,127100.0,12549,500
3005,1776,2025-06-04,59900.0,6765,500
1718,6438,2021-09-26,66800.0,4777,500
9200,7462,2024-09-02,89500.0,7693,0
5687,6887,2024-07-07,39600.0,5632,2000
2282,4694,2022-01-05,78600.0,6775,1500
7730,2352,2022-11-28,83400.0,14213,0
6017,5146,2021-08-15,122400.0,24236,1500
3723,7895,2023-10-18,128900.0,12166,500
7905,4892,2023-07-05,37400.0,1983,1500
8271,4734,2022-07-19,80000.0,13271,500
6952,7517,2023-06-30,92800.0,4686,0
6328,1992,2021-09-26,36800.0,2853,500
3168,8958,2020-11-13,41100.0,5208,1000
3812,6650,2022-02-25,39200.0,5856,1000
1497,7674,2021-04-06,99400.0,10149,2000
6906,7467,2022-04-29,49900.0,6117,1500
1363,5959,2024-11-21,97000.0,7374,2000
1068,4796,2022-05-21,54300.0,6777,0
3735,8138,2024-08-11,100300.0,11955,1500
1967,9355,2021-07-25,78800.0,13879,2000
9056,1489,2022-11-07,53700.0,4718,0
6678,5049,2022-08-27,140500.0,21102,1500
7860,5517,2024-11-03,103900.0,5386,2000
9503,4500,2020-11-26,74100.0,11403,500
8109,7250,2023-04-16,36400.0,4285,500
8047,3338,2024-06-08,55600.0,5944,2000
2597,3959,2023-04-01,57200.0,6665,1000
4178,1901,2023-01-05,40100.0,5297,1000
9982,8171,2021-06-13,130900.0,9923,0
3461,4078,2021-04-13,91300.0,12627,1000
4178,3905,2025-07-30,73500.0,11388,1000
9420,6472,2021-03-03,66300.0,11293,1000
2548,8417,2021-02-05,92900.0,11381,1500
3352,5082,2021-01-26,51800.0,8796,500
5577,3619,2023-04-26,52300.0,8375,0
9236,5883,2023-03-05,37000.0,5617,500
5196,8223,2023-01-06,58300.0,5243,1000
8493,4202,2021-04-04,90000.0,17334,1500
3077,6682,2023-05-09,52500.0,4904,1000
1224,7249,2021-08-01,131500.0,23378,1500
1883,1919,2022-03-15,53000.0,3053,1000
5354,2568,2022-02-05,37200.0,5038,1000
1038,5201,2024-08-23,74000.0,5111,1000
9930,9538,2021-12-25,75200.0,8067,500
4468,3105,2022-06-16,98600.0,16189,1500
1599,9118,2023-10-04,40700.0,2582,2000
2540,3632,2021-10-12,103100.0,11512,500
3373,3792,2023-03-23,76800.0,9449,1500
5935,7737,2022-05-22,81100.0,15231,2000
6874,4780,2021-10-14,136100.0,25400,0
4899,6198,2023-11-04,76600.0,14986,1500
5367,6585,2020-11-04,93700.0,16989,0
1786,3743,2025-06-01,75000.0,7971,2000
2789,4600,2023-04-18,39600.0,4312,1500
9874,3673,2020-10-26,131000.0,17313,500
9747,6357,2024-09-09,97700.0,11892,0
9502,2081,2023-12-27,57700.0,4560,1500
6765,9260,2020-10-18,37600.0,7120,1500
3011,9034,2022-11-09,56000.0,10304,2000
1847,5594,2020-12-17,36700.0,4880,1000
3633,7184,2021-04-02,79700.0,9148,0
8161,1864,2024-04-27,42200.0,2443,0
7851,9759,2021-11-18,97300.0,13793,500
5983,9493,2023-01-21,67500.0,9330,1500
2431,2317,2025-08-05,79800.0,8855,1500
9299,4324,2021-12-06,52800.0,10410,0
5518,6108,2021-04-08,75400.0,7565,1500
7697,3219,2023-08-03,85800.0,15100,1500
8664,6159,2021-10-15,130700.0,13385,1000
6187,5287,2020-10-04,53600.0,4749,0
4793,6352,2023-08-22,37800.0,7399,500
6301,5490,2025-01-28,54500.0,9969,1000
5983,2774,2023-09-13,41300.0,8143,2000
4064,5178,2024-08-22,42400.0,4320,1000
2751,8408,2023-10-26,121700.0,23291,1000
2079,8575,2021-03-12,52500.0,8390,500
7615,5474,2023-11-26,103800.0,19487,1000
3208,4571,2022-04-27,95300.0,17031,2000
6067,8209,2023-11-29,40400.0,7102,0
7944,8744,2021-09-19,86900.0,12268,1000
1898,4510,2025-06-06,71500.0,10124,2000
8287,7443,2025-05-06,34700.0,2092,1500
4983,9984,2025-06-21,44000.0,3336,500
1338,7187,2024-07-18,98000.0,16981,500
3291,4586,2025-05-10,68000.0,6139,500
5314,1343,2024-12-22,55600.0,9663,2000
2059,8912,2022-10-18,93200.0,8479,1500
3358,8504,2022-03-29,70900.0,7445,1000
5015,6459,2024-01-22,78900.0,14420,1500
2313,3480,2020-11-16,37800.0,2040,0
1184,6782,2022-09-25,97600.0,5267,2000
8629,1440,2023-01-03,136800.0,12822,500
6406,7726,2024-06-05,38900.0,7062,500
8103,7253,2022-08-06,96400.0,16968,500
1890,6831,2024-04-01,73700.0,8868,1000
2975,9037,2022-07-01,36400.0,6758,500
8588,2940,2024-01-30,84600.0,4511,500
5998,2672,2023-10-24,52100.0,5108,500
9653,4216,2024-09-28,88100.0,14868,0
4316,8385,2024-03-07,69600.0,12478,1000
1680,8393,2021-09-17,41000.0,5551,1000
3149,8077,2021-08-08,92000.0,4663,0
2717,4349,2024-06-22,54700.0,8187,1000
8841,4633,2025-02-21,52600.0,9423,1500
2072,5932,2024-12-24,40700.0,3730,2000
4197,8377,2023-07-21,91800.0,4713,500
1281,7346,2021-01-14,75200.0,3913,0
1626,5469,2025-09-17,41600.0,7283,2000
6339,3016,2024-04-27,128800.0,21186,2000
9729,4047,2025-05-28,57000.0,10881,1000
2170,9384,2025-07-14,52200.0,3510,0
3416,7189,2023-11-07,96000.0,8770,1500
5074,1546,2022-12-10,119700.0,14041,500
1156,2450,2021-05-01,67100.0,9963,1500
4818,1390,2023-03-01,116300.0,17112,1500
9770,4195,2024-06-04,124100.0,12124,2000
5593,2275,2021-07-06,55900.0,7124,1500
3156,9890,2025-05-01,104800.0,5785,1500
5498,2200,2021-03-03,122300.0,16520,1000
4744,4377,2020-12-01,39700.0,2908,2000
9088,6899,2025-09-13,83100.0,15385,500
4178,3576,2022-01-30,48900.0,5804,500
6087,2723,2023-08-02,73000.0,4741,500
7525,9467,2021-01-11,70900.0,3566,1000
9625,5777,2021-05-09,57400.0,5858,500
2653,7340,2022-03-29,95800.0,15777,500
8105,4285,2022-10-08,72300.0,12754,500
1667,9619,2020-10-05,68000.0,11884,500
8349,2529,2021-07-23,67800.0,9858,500
1965,2850,2021-05-10,38600.0,7464,0
7371,1329,2024-02-03,100500.0,12749,1000
8618,2564,2024-03-26,127000.0,21099,2000
6758,3230,2023-05-31,122500.0,15897,500
9102,3909,2021-07-11,74400.0,12103,1500
8137,1929,2025-09-21,85400.0,9908,2000
1729,5164,2023-12-15,80100.0,8029,1000
4583,7879,2025-03-25,89800.0,17540,2000
7162,8045,2023-12-17,86400.0,4898,1000
7967,9658,2023-07-12,67600.0,9311,500
4299,3899,2021-02-06,58000.0,3775,2000
2974,5663,2022-12-01,72500.0,9945,1500
8288,8971,2022-11-29,67900.0,8584,2000
1867,6218,2024-01-31,38300.0,2823,1000
6241,7664,2023-07-21,50900.0,4696,2000
6088,2935,2023-12-03,104300.0,7053,1500
6282,5484,2022-11-15,40600.0,2153,1000
6323,5689,2024-04-25,73700.0,13713,1500
8837,8951,2024-05-17,87900.0,8279,1000
7041,9236,2020-12-03,57000.0,8306,0
3098,9018,2022-07-07,84100.0,11806,1500
1666,5001,2021-02-21,120200.0,19251,1500
5880,5108,2022-02-26,70400.0,12859,0
8643,5978,2023-04-08,51600.0,4752,500
2110,3263,2021-10-29,36300.0,2626,1000
2948,9227,2021-06-16,57500.0,9695,1000
1371,5231,2024-04-05,65700.0,8621,500
3053,4751,2024-12-04,78900.0,5251,0
4584,3844,2022-02-02,76600.0,4414,1000
8398,8277,2025-02-06,113400.0,9946,2000
4872,9096,2025-01-30,48700.0,4887,1000
8464,8038,2023-03-04,66500.0,6266,1500
6942,8753,2024-10-29,42000.0,4052,1000
2909,1439,2022-01-18,120700.0,11596,0
2584,2928,2021-04-12,71000.0,9085,2000
1719,7583,2024-01-12,77900.0,13887,2000
3398,9926,2021-10-17,52700.0,8690,2000
1589,4162,2021-10-01,75500.0,9640,0
5928,1783,2024-08-07,66900.0,5685,2000
8458,8604,2024-02-13,41500.0,3333,2000
7367,5860,2024-12-12,86000.0,11269,1000
1646,3523,2023-07-21,52200.0,3528,0
1943,9015,2022-08-29,39300.0,4233,0
2662,6637,2024-02-05,36300.0,5636,500
7763,7554,2022-07-27,117400.0,23390,1000
6435,6912,2024-02-17,74100.0,10463,1000
8533,5243,2021-09-24,131600.0,13423,500
1637,3369,2024-03-11,41200.0,7815,500
5504,7168,2025-03-02,39400.0,4725,0
3796,6840,2021-08-31,48800.0,3887,500
1746,1200,2023-07-24,68600.0,4779,500
9042,4255,2022-02-18,114200.0,9401,1000
6312,1705,2025-01-29,34700.0,1986,2000
3850,9694,2021-06-24,135300.0,16016,0
2483,6769,2021-11-10,53600.0,4122,1000
1321,8650,2022-09-06,89800.0,7313,1000
2504,3947,2022-07-06,121100.0,9994,1000
6277,1274,2025-05-28,88100.0,15240,1000
3920,1877,2023-02-22,35500.0,2871,1500
1605,6808,2025-02-13,36500.0,3808,500
3235,1252,2021-01-23,120100.0,18622,0
3946,5572,2025-08-08,119800.0,20269,0
8034,8801,2021-12-15,65800.0,8582,2000
3312,6832,2021-08-27,72700.0,13120,1000
1593,1593,2024-09-30,73100.0,12231,500
3877,7725,2023-10-26,88400.0,11423,1000
6685,9781,2025-05-26,83900.0,5794,2000
6779,8591,2023-03-18,85300.0,7951,2000
2590,2665,2022-03-26,41700.0,4183,0
7024,3514,2025-03-24,53900.0,6765,2000
2426,8333,2021-06-26,128000.0,17275,1500
3944,5212,2021-03-11,83500.0,6874,0
3273,8608,2024-07-21,87100.0,13610,1500
8069,7112,2025-06-04,76500.0,8347,1000
7703,2895,2024-10-01,113900.0,17684,500
6430,8247,2021-09-26,53500.0,6113,1000
3813,5871,2023-04-26,98400.0,8087,2000
9298,7118,2024-03-30,98500.0,8660,1000
9047,5777,2023-04-03,54000.0,6628,2000
2358,7768,2025-07-20,100900.0,6140,2000
8613,8463,2025-02-16,40900.0,4262,500
5038,7517,2025-09-16,71500.0,6886,2000
3963,8840,2021-09-18,90500.0,6438,1500
7365,9112,2024-01-18,90400.0,8970,2000
5496,6948,2023-01-21,57000.0,4308,1000
7081,5933,2022-08-10,97600.0,11099,500
1717,8347,2020-10-03,128300.0,22621,0
2465,7622,2025-08-10,51500.0,7550,1500
2355,4369,2023-04-11,35500.0,2181,1000
7972,6640,2025-06-27,41400.0,3656,1500
1553,3339,2023-02-27,119700.0,10722,1000
4925,4812,2025-07-24,132000.0,17180,2000
4703,4228,2024-04-30,78900.0,14419,1500
1421,8149,2021-07-08,83400.0,13028,2000
6941,3644,2021-06-12,55400.0,10433,1500
1907,3076,2025-06-20,56500.0,11132,1000
4232,4438,2022-06-28,126100.0,13286,1000
8451,9342,2022-07-21,90200.0,9154,500
8924,1423,2021-11-29,119800.0,23067,1500
2584,5263,2022-10-25,52900.0,6363,1000
7249,7268,2022-08-07,42700.0,8216,0
5338,7050,2022-04-25,115600.0,14349,2000
8168,7263,2024-01-04,96500.0,6182,1000
5217,6105,2024-04-05,129100.0,19429,1500
5228,1752,2023-09-23,50800.0,5138,1500
8778,7236,2022-06-22,50900.0,8895,0
5952,5599,2024-09-21,73400.0,6108,2000
5996,8517,2022-08-07,55400.0,10587,2000
8982,4775,2021-05-08,76700.0,9697,500
8400,9053,2024-04-29,69100.0,4909,500
6198,4170,2022-09-24,50400.0,8136,2000
9034,7307,2025-08-10,77700.0,11271,500
5416,9158,2021-11-08,55200.0,7545,1500
6449,1431,2023-09-07,66400.0,6468,0
4259,8523,2023-11-20,38900.0,6768,500
4172,7642,2023-07-22,39200.0,4031,1500
3216,7557,2023-03-22,71100.0,9501,2000
7498,8699,2023-04-08,88600.0,14376,1500
5390,5738,2022-02-19,59100.0,5471,500
3585,5426,2025-05-18,103000.0,19448,1500
3150,6043,2024-02-02,130600.0,7726,1000
1187,1408,2022-09-14,74800.0,9747,1500
6430,9771,2022-09-14,42000.0,3267,2000
5382,5948,2024-09-24,34800.0,2784,1500
8802,1984,2025-09-13,35900.0,2348,2000
8607,7967,2021-03-25,61200.0,6631,1000
6817,1676,2023-04-22,125800.0,24979,500
1426,5930,2022-07-09,119800.0,10336,500
1576,2725,2021-06-25,53000.0,5773,1500
2876,3292,2022-02-11,35000.0,5768,0
6548,5841,2025-07-16,102400.0,16928,500
1541,9163,2024-07-31,71000.0,5114,0
7218,7447,2024-12-25,136300.0,7428,1500
6905,9591,2022-02-13,118100.0,15138,0
9271,2291,2021-08-23,41100.0,7951,1500
7809,8522,2021-09-19,116600.0,6811,500
2237,4722,2024-10-16,37800.0,6656,500
9802,9331,2023-10-09,94500.0,13010,0
9460,7762,2020-12-04,128100.0,14488,0
2155,6752,2023-05-21,77700.0,9821,1000
7708,3996,2021-11-11,136700.0,21773,1000
3844,1485,2024-11-23,35400.0,4838,500
8399,2747,2024-12-04,117900.0,14122,0
3310,8045,2022-01-27,66300.0,9953,2000
9126,2533,2021-09-24,56300.0,6627,0
6634,7864,2025-06-06,78300.0,11981,1000
7468,3471,2023-02-08,124400.0,7916,0
6797,8751,2024-02-01,123100.0,9825,1000
5344,6793,2022-05-24,43300.0,4908,1000
2647,9043,2020-11-10,38800.0,7519,1500
3304,7590,2025-07-21,120200.0,20158,500
2841,3458,2021-11-14,77300.0,11198,0
5780,4017,2025-01-11,70900.0,6135,1000
1800,7012,2024-10-04,79600.0,8742,1000
5350,8825,2021-07-25,120600.0,19123,2000
5638,6214,2024-09-03,36700.0,2300,1500
5739,7300,2022-11-12,77100.0,9315,2000
6344,6819,2024-01-17,67200.0,10951,1500
6076,1078,2023-08-29,71900.0,6821,500
6543,2801,2021-01-14,59600.0,8010,1000
1533,5074,2025-06-15,43000.0,6572,1000
4779,7447,2024-03-26,38300.0,6924,1000
9519,1182,2021-09-25,139300.0,13294,1000
4883,5733,2020-10-15,129000.0,12163,1500
9103,2651,2022-03-08,57700.0,8597,1000
7792,7116,2022-05-14,61600.0,5919,2000
3754,8140,2022-07-03,97000.0,15011,500
6931,9727,2023-10-31,117400.0,8049,1000
6574,4966,2021-03-19,37000.0,4709,1500
7288,8578,2022-02-16,37300.0,4077,0
3623,1690,2022-11-07,74100.0,5888,2000
9522,7817,2020-10-20,38500.0,6645,2000
5825,8163,2025-04-04,71700.0,5604,1500
6393,8499,2024-02-19,127000.0,20596,1000
2626,7756,2024-09-13,40000.0,3675,1500
4153,2950,2022-10-15,50100.0,3847,1000
2650,7420,2025-09-23,61600.0,7479,1500
2599,4127,2024-09-28,55300.0,2907,2000
4925,7383,2025-02-10,49500.0,2750,1500
8097,9467,2021-02-10,133100.0,13339,1500
5262,4133,2023-05-05,119500.0,23611,1500
9671,5517,2022-04-05,54900.0,7160,1000
8283,6905,2024-12-03,139200.0,10523,500
9850,3495,2023-08-16,120300.0,9701,1500
6583,4114,2021-06-28,104900.0,18035,1500
8163,7444,2025-02-23,37100.0,3711,2000
9349,6665,2021-04-01,54300.0,4317,1000
5416,5958,2024-12-31,40200.0,3643,0
9933,1091,2025-06-13,95500.0,6636,2000
7960,4037,2025-07-31,118600.0,15621,0
9906,7753,2021-01-25,43700.0,5746,500
9047,2042,2021-04-09,141900.0,20010,1000
1584,7019,2021-12-04,127900.0,20960,1000
6211,4262,2022-05-21,51000.0,9115,0
8299,8957,2023-10-15,89000.0,5429,1000
2222,9071,2021-06-28,123100.0,7559,1500
6082,5844,2022-01-21,79000.0,8961,1000
9210,2277,2024-04-11,118400.0,9625,500
3500,2361,2023-04-17,36600.0,5451,1500
5267,4233,2022-05-13,56000.0,3351,1500
2096,3695,2023-08-06,95600.0,14896,0
2070,9594,2023-06-02,69100.0,9709,2000
5250,8384,2024-10-02,93800.0,6610,2000
9689,2812,2024-08-27,36400.0,3297,1500
6470,3355,2023-11-30,97800.0,12031,0
3525,5227,2023-01-19,40400.0,3815,1000
6529,3536,2021-04-23,98900.0,14816,1500
8853,6308,2023-10-19,80000.0,6528,0
6614,7730,2022-05-18,132800.0,25271,1500
8805,2838,2021-10-31,121400.0,9213,1000
9160,4945,2023-06-07,36200.0,6400,500
7413,4160,2025-08-26,90900.0,7580,1500
1643,3866,2024-02-15,37100.0,2481,1500
1270,1109,2024-12-17,67400.0,4947,1000
3365,8051,2025-03-16,97500.0,7871,500
6300,9285,2023-09-18,36600.0,4092,1500
9997,2162,2024-10-23,77400.0,14017,2000
4505,8577,2021-05-26,53300.0,5311,1500
1983,4437,2022-08-20,51500.0,7277,500
6285,6487,2025-08-15,94000.0,8149,2000
9200,3205,2021-08-22,128800.0,8793,1000
7484,1574,2022-09-14,96700.0,16559,0
8175,5357,2024-07-02,135800.0,20023,500
7318,2807,2024-10-09,51600.0,3191,0
1273,1650,2024-01-30,56800.0,5746,500
3562,7384,2022-05-14,130300.0,25546,2000
7023,2776,2025-10-01,55600.0,3973,2000
4884,5385,2023-02-16,92100.0,4831,0
3729,9100,2025-06-20,69600.0,9967,0
4568,7281,2025-04-10,85200.0,6044,500
6823,5224,2023-02-22,38400.0,3538,1000
7960,5808,2025-04-17,41700.0,4634,2000
1818,3521,2023-11-19,74900.0,9187,500
1138,5925,2020-11-12,61500.0,12198,500
8664,5404,2024-11-18,88000.0,12984,1000
9829,5276,2021-01-22,35600.0,6492,1500
2862,8119,2023-10-03,54900.0,5510,1500
4725,1464,2023-08-13,53100.0,3270,1000
1383,1965,2024-12-04,95600.0,7968,1000
3961,8669,2021-07-24,53000.0,5694,1000
1520,2952,2025-02-26,41600.0,2938,1000
3809,1944,2020-11-27,120600.0,6797,1000
1440,9437,2023-10-31,60700.0,6663,0
5375,9734,2021-02-05,93000.0,9937,2000
4912,4681,2020-11-15,136700.0,14628,1000
7719,1007,2022-11-18,92000.0,10348,2000
1334,8160,2022-12-19,124600.0,21557,2000
7387,3297,2024-06-20,90600.0,11095,2000
7625,2273,2023-06-06,40500.0,2406,1500
2176,9037,2024-12-24,77000.0,13156,0
6656,7921,2020-10-14,52300.0,8565,2000
7722,2968,2023-10-28,51700.0,9195,1500
5577,9996,2025-04-28,75900.0,5704,1000
2332,5065,2024-10-21,36400.0,4088,500
9769,8133,2021-09-26,37000.0,3370,2000
6050,4927,2024-01-30,120200.0,8663,2000
4031,4134,2021-10-20,86400.0,12477,1500
7504,6942,2024-11-29,101000.0,6269,1000
8211,6005,2022-03-02,57100.0,6265,500
3178,1026,2021-08-06,136200.0,23729,2000
4290,8278,2023-08-07,80200.0,10681,1500
8321,3581,2022-02-10,132000.0,25999,1500
7630,4453,2022-02-17,91700.0,9543,1000
2235,2209,2024-02-23,36200.0,3473,0
2661,3399,2022-01-09,135100.0,13664,2000
3037,6133,2023-08-15,50700.0,3246,1500
2864,2080,2023-07-11,40700.0,4183,1000
6907,8330,2024-04-25,77900.0,10417,0
5513,6095,2021-07-02,41900.0,5342,1500
3185,7401,2023-08-04,55400.0,6778,1000
3364,9562,2021-07-13,124000.0,23264,1500
2386,5617,2022-07-10,87600.0,15818,1500
7579,5680,2024-07-04,58500.0,5071,0
6165,2619,2024-01-25,67300.0,7586,1500
5942,4848,2023-08-14,66700.0,10768,500
4388,6681,2023-08-25,89000.0,16613,0
7068,1518,2023-08-02,41700.0,6715,0
2855,4169,2024-05-06,69900.0,11965,0
9505,2754,2023-12-10,50700.0,6929,1500
4185,4175,2020-10-21,57700.0,3750,1500
1456,1165,2025-05-31,97900.0,14079,1500
2973,3267,2021-05-24,79400.0,13983,0
8803,6392,2021-09-11,34800.0,3268,2000
9632,9154,2024-05-06,77300.0,7918,500
8316,8400,2024-11-29,58800.0,9795,1000
8620,1278,2024-03-23,50000.0,4225,1000
2061,9573,2023-08-21,58700.0,11654,2000
1815,8233,2023-09-24,35000.0,5135,0
5754,7445,2022-06-06,48900.0,7138,500
4307,4249,2024-04-06,69100.0,6683,2000
7918,1063,2025-06-20,49200.0,8067,0
3798,2377,2023-09-30,43600.0,8185,0
2751,2593,2021-03-16,128300.0,22345,1000
2827,4456,2022-12-03,135200.0,12616,0
9040,9705,2021-02-05,52800.0,5979,0
4439,2310,2021-05-23,81000.0,12828,2000
8488,5316,2024-12-05,119100.0,8430,1000
5597,4962,2022-12-11,56300.0,8821,1000
8447,3111,2020-12-23,95300.0,17844,0
9085,2713,2023-04-28,51500.0,3798,0
2665,1473,2022-01-06,39500.0,5417,1000
2332,7771,2024-12-09,89400.0,7793,500
2759,4353,2020-10-05,51800.0,9459,0
1832,4748,2023-01-01,43100.0,3432,2000
7170,6822,2020-10-10,42000.0,6955,0
9275,1761,2020-11-07,40600.0,5713,0
4672,1140,2022-06-14,96000.0,14486,0
4255,7629,2021-01-09,117100.0,11683,500
9833,3188,2025-01-31,120000.0,22183,0
5340,2419,2022-10-05,72300.0,10788,500
2411,5147,2024-08-02,58900.0,5739,2000
2147,2652,2020-11-23,98100.0,7998,0
9713,9201,2022-08-13,98000.0,9801,0
9375,8048,2021-08-06,90100.0,13657,500
7457,3732,2020-12-13,118400.0,20895,1500
3827,2244,2024-11-03,56700.0,8076,2000
5480,9081,2021-11-22,130800.0,24414,0
8769,6070,2025-02-16,37800.0,3423,1000
8933,1261,2022-02-04,98900.0,15860,1000
3493,9718,2023-12-29,34700.0,2305,1500
1991,4188,2020-11-28,92500.0,5159,1500
9339,5590,2023-07-19,76400.0,13368,500
7485,7193,2021-08-18,58500.0,9130,500
8922,7099,2022-04-22,79200.0,12432,1000
4695,9425,2024-03-31,73000.0,4151,500
5838,8217,2024-03-07,117400.0,14707,2000
5090,9521,2025-06-25,120700.0,23921,0
2486,5632,2020-10-24,78100.0,15068,500
3597,5234,2022-12-19,126900.0,24065,500
8846,9829,2021-06-13,97100.0,12389,0
6625,3596,2023-04-01,129800.0,14597,1500
5655,3858,2022-10-31,76500.0,13076,0
9164,8259,2024-12-03,70900.0,8780,1500
9338,9276,2021-07-29,57200.0,4489,2000
7444,3412,2021-01-28,100100.0,7151,500
9680,9990,2021-01-25,96800.0,8746,500
7613,3613,2021-03-15,129100.0,7868,1000
1673,1108,2022-02-03,68600.0,7396,0
4282,4473,2021-10-16,79400.0,14658,0
6472,4492,2023-11-08,35900.0,4584,1500
1222,8511,2022-08-31,82000.0,8094,500
3254,7946,2022-04-04,61300.0,8560,1500
2208,2816,2025-03-11,88400.0,12682,500
5017,2886,2023-09-08,87300.0,5803,1500
9182,5776,2021-03-25,133400.0,22104,2000
8175,6745,2024-04-29,68300.0,4025,1500
6178,1181,2024-06-21,95700.0,6224,2000
9775,6985,2023-06-06,36700.0,3807,1500
1509,7726,2022-01-31,56400.0,9252,1500
5156,1349,2024-05-17,40700.0,5110,2000
4766,2709,2025-03-23,79300.0,5231,500
4520,9553,2021-11-09,73200.0,5578,0
8791,9987,2022-05-15,40400.0,2540,500
4337,2896,2022-12-15,53300.0,5747,1000
6622,5904,2024-01-13,36500.0,3701,1500
7412,6246,2022-10-31,134800.0,23744,1000
2607,6408,2023-09-14,37500.0,4585,2000
3957,1144,2025-01-09,38600.0,3021,1000
2892,4785,2023-09-27,39200.0,7286,2000
7301,7311,2023-01-26,89100.0,10274,500
6312,1055,2022-11-23,94200.0,5305,1500
6784,2153,2022-12-26,100200.0,5319,500
2978,1273,2022-03-17,50300.0,5393,1500
2705,7076,2024-10-12,96100.0,9814,500
7749,6637,2023-07-09,41000.0,4067,1000
4910,4122,2021-12-29,89000.0,13363,1500
2550,4793,2024-08-18,132300.0,24093,2000
3254,1235,2020-11-19,94100.0,7824,2000
2640,3380,2024-07-07,114500.0,7672,0
2480,3337,2024-06-13,127500.0,21293,1500
2697,4692,2021-03-28,140200.0,14458,0
6196,6521,2021-08-26,82200.0,8845,1000
4527,4581,2022-05-16,39000.0,4692,500
1643,5751,2021-02-06,41600.0,4164,1000
2940,8268,2024-03-02,54800.0,4472,1000
6976,2924,2021-02-16,57900.0,7049,1500
3454,5200,2021-01-17,36700.0,2907,0
8115,5954,2025-02-12,127700.0,8407,0
1051,3465,2021-02-08,115500.0,10090,500
7120,1289,2022-06-05,77000.0,9690,2000
5927,3433,2025-04-19,120500.0,11205,2000
5238,5268,2025-01-16,49000.0,3110,0
7789,9574,2023-04-03,75900.0,4206,1500
5876,6175,2021-04-28,92800.0,6571,500
1452,9225,2023-04-20,40800.0,5198,1500
6690,5303,2022-01-18,128200.0,16363,2000
2673,2008,2022-09-27,97500.0,9302,1000
9826,6209,2023-11-15,129200.0,12012,2000
3249,7516,2024-01-08,126700.0,24884,500
9223,3118,2024-07-11,132000.0,13298,500
6056,1670,2022-01-19,92100.0,9887,0
9462,2541,2024-06-29,127400.0,23696,2000
8739,5423,2025-01-12,70800.0,10690,1500
5969,1454,2021-07-06,72900.0,14345,1500
5736,8234,2021-07-10,91800.0,4886,0
2988,8999,2020-11-10,55300.0,5234,0
6115,2899,2022-12-15,131300.0,13374,1000
2916,4079,2021-03-04,102200.0,7899,0
2985,1893,2024-05-04,91700.0,14511,1500
8621,8000,2023-05-24,74000.0,5365,1500
7965,2783,2025-06-30,43000.0,4529,1000
9448,9846,2022-08-31,55200.0,8495,2000
8764,4347,2021-12-09,117300.0,14993,2000
8753,6704,2023-11-07,127300.0,25125,1500
4424,1628,2021-09-10,127200.0,8614,2000
6427,1009,2025-08-09,124500.0,14246,2000
8994,2914,2023-06-09,59100.0,4480,0
6297,8833,2025-06-04,112600.0,18980,1500
7527,7166,2022-08-12,58600.0,5448,0
2678,9837,2024-08-05,57400.0,6844,0
5495,2941,2024-08-12,125800.0,10969,1500
1134,1575,2023-01-23,34800.0,6266,500
2889,7382,2023-10-21,50200.0,6320,2000
3778,9140,2021-12-08,129800.0,16675,1500
2005,6564,2022-08-14,87500.0,13310,500
1213,4313,2022-11-24,51300.0,9399,1500
7243,6107,2023-11-11,37900.0,6821,1500
6457,8148,2021-09-03,100200.0,17881,1500
6343,1057,2024-08-15,55800.0,6058,2000
9177,2233,2021-01-27,67000.0,4022,1000
9198,8810,2022-07-03,54800.0,10321,500
3648,9362,2022-10-16,77500.0,4152,1500
1925,2827,2025-09-24,94300.0,16601,1500
3529,2635,2023-06-18,100900.0,18842,1500
3747,1884,2025-03-18,97200.0,14666,1000
4012,3994,2023-02-27,136800.0,24824,1000
4404,2537,2021-09-29,91000.0,12485,1000
4739,8013,2022-08-26,85700.0,9721,0
2261,7126,2020-11-08,99300.0,19303,1500
5403,7709,2021-08-05,38800.0,6153,2000
2984,5456,2022-01-05,105000.0,5255,0
2491,6878,2022-06-18,129200.0,7266,1500
1674,8601,2024-12-16,73700.0,5883,0
3028,8494,2024-11-12,77200.0,7262,2000
2948,6778,2021-07-09,96800.0,16522,500
4343,9959,2025-04-08,53100.0,3362,2000
5106,5976,2023-05-05,54700.0,5915,1500
5143,2423,2023-11-22,72000.0,13475,0
4116,4313,2023-05-23,91900.0,16449,2000
9149,6212,2023-03-03,129200.0,12993,2000
8368,7344,2021-02-24,127400.0,9913,2000
3986,2162,2021-03-08,114100.0,20520,1500
7427,7897,2021-10-15,90100.0,6607,500
3227,7308,2022-08-29,54800.0,8259,2000
7214,9107,2020-12-31,95300.0,6322,2000
8104,5352,2024-10-22,38200.0,6080,2000
5685,6236,2023-11-22,134900.0,14011,1000
8952,8940,2025-06-09,39100.0,3780,0
4362,5841,2025-05-01,74500.0,5318,500
3236,4094,2022-12-01,98400.0,14994,500
7229,3431,2024-11-02,50000.0,9201,1500
1689,5605,2025-05-24,72000.0,7502,2000
2633,9816,2021-06-28,127900.0,18210,1500
8422,1578,2025-07-10,135600.0,25291,2000
6059,5970,2021-10-30,98500.0,10503,2000
6295,3563,2020-10-30,79700.0,14736,500
8586,2643,2023-03-18,73800.0,11180,1000
9555,8038,2022-02-07,95200.0,15205,1500
1815,5561,2022-03-13,60200.0,4693,2000
