review_id,employee_id,review_date,performance_score,potential_score
3438,8273,2022-08-11,5,2
1531,8790,2025-07-18,2,3
6018,7634,2023-12-31,2,2
1113,3829,2024-06-25,1,2
9996,4618,2024-11-06,5,1
5525,4490,2023-04-14,2,3
2556,2444,2023-11-07,4,3
6302,2133,2023-04-01,3,1
2086,8572,2021-10-03,2,3
9198,5595,2023-08-09,3,1
2197,6968,2021-08-16,3,3
4058,7464,2023-10-08,5,3
8195,8558,2023-01-13,3,1
1585,3417,2025-02-05,2,2
1593,5069,2024-09-04,3,1
7719,6300,2025-07-22,5,2
1633,6597,2025-07-09,1,4
7804,4481,2023-01-08,4,5
7520,6882,2024-01-11,1,4
8413,7447,2022-01-17,1,3
5932,9777,2025-05-16,5,4
3789,1653,2024-05-01,2,4
6478,7036,2024-06-20,2,4
3633,8686,2024-12-21,3,5
5391,2984,2023-09-12,5,2
6519,5047,2024-11-30,2,4
7557,2794,2023-07-01,3,3
6515,6593,2023-07-09,2,2
3658,8047,2023-03-22,4,2
8573,8115,2025-03-08,5,2
4316,9719,2025-02-17,1,3
2246,4795,2022-12-05,4,2
8141,7913,2025-04-09,2,4
2507,3608,2024-12-06,2,5
9142,4904,2023-07-27,1,3
2649,3416,2025-08-22,5,5
5519,4823,2024-05-05,2,4
5479,8948,2025-05-02,3,4
7204,2032,2023-07-30,5,5
5622,1529,2022-07-13,3,3
8892,9038,2025-03-04,5,1
3855,6112,2024-09-06,2,5
2931,8557,2024-03-23,1,5
7330,6449,2025-08-03,3,4
8161,7268,2025-04-25,4,1
1025,4604,2025-03-09,2,3
8245,1406,2024-08-18,3,4
7532,4012,2024-10-09,5,4
2679,2430,2023-08-31,1,4
8498,7162,2025-02-18,5,4
5421,4419,2024-09-27,5,3
4923,3351,2025-05-21,5,2
7387,7080,2024-12-20,4,4
9979,2332,2025-07-29,2,2
8019,8346,2024-11-17,4,5
1274,4935,2024-05-08,1,4
7715,7323,2024-01-02,2,3
2568,8921,2022-04-05,3,1
7915,6158,2023-02-11,5,3
3450,9262,2024-09-08,4,4
7400,5546,2022-12-24,4,5
9750,3081,2025-09-07,2,5
4124,4253,2025-05-08,1,5
3847,7313,2025-04-12,3,1
9460,1770,2024-07-10,3,1
4601,2572,2022-03-23,1,3
1284,2971,2021-12-15,4,1
2525,2704,2025-01-16,4,4
7813,4196,2023-03-31,4,5
6538,8272,2024-04-12,1,4
3270,5809,2025-07-29,5,3
7753,2643,2024-04-30,1,3
7061,6433,2022-10-14,1,3
8876,8966,2022-12-13,1,3
3907,4978,2025-03-22,3,5
6849,9980,2024-02-14,3,3
8239,2327,2025-09-21,3,2
6373,5150,2025-10-01,4,1
4555,5714,2023-04-19,2,3
6799,4280,2025-04-23,3,1
3169,5007,2022-07-06,5,3
5498,5188,2025-04-10,4,3
9230,4267,2024-08-01,1,3
8458,4973,2025-08-03,1,2
8345,8153,2023-01-30,2,5
9763,2929,2024-07-04,2,1
8978,7281,2025-03-17,5,3
2894,1320,2024-11-06,5,3
1756,3780,2024-10-04,4,3
5522,8581,2024-11-10,2,5
6249,8384,2025-05-09,2,5
5833,4419,2021-12-20,3,1
5191,2300,2025-03-20,1,4
6029,6245,2024-12-20,4,5
4394,1650,2024-08-01,5,1
6515,7573,2024-10-31,2,4
7337,1497,2024-08-06,1,4
3977,1404,2025-06-27,2,1
5086,6767,2025-09-08,4,1
6002,6834,2022-08-27,2,5
4405,9745,2024-07-08,3,1
2492,3758,2025-09-18,3,4
6781,4197,2023-08-01,2,5
1588,8024,2024-10-08,5,1
8940,9970,2025-07-28,2,5
8139,2094,2024-08-10,4,3
7240,8371,2024-07-11,1,1
2472,1094,2025-02-02,4,3
5559,3467,2022-11-03,2,4
8481,7077,2025-04-01,3,5
6030,8624,2024-07-04,2,4
7507,3785,2024-03-29,5,5
7070,5776,2024-11-13,1,1
3649,4119,2022-10-03,2,1
9630,3788,2023-09-28,4,3
8142,2116,2025-08-24,3,5
5130,6863,2025-05-25,3,3
7441,2252,2022-02-27,2,3
1962,7365,2024-02-05,4,4
7616,4796,2024-01-23,5,2
4248,6088,2024-12-27,2,5
4019,6782,2025-07-01,3,2
1631,1462,2024-05-18,4,5
4386,5763,2025-08-30,2,3
1321,2827,2021-12-08,2,1
3197,2184,2025-03-27,2,5
3012,6275,2024-03-28,1,1
7065,1166,2025-05-20,1,3
7541,1642,2025-06-01,5,4
1914,4271,2024-09-06,5,3
2562,9354,2024-07-02,5,1
5260,1848,2024-05-10,4,1
3952,4356,2025-02-27,2,4
7797,2524,2021-11-28,3,4
3926,6781,2023-02-15,2,5
2568,9808,2023-10-28,3,5
4357,9648,2025-09-19,4,3
8871,5782,2024-05-31,5,3
8558,2450,2025-02-28,2,3
7603,2861,2023-07-02,1,3
9491,7477,2021-10-29,1,3
1266,7035,2025-04-19,1,2
5430,4390,2022-11-09,1,1
5891,4862,2023-02-07,1,1
5837,3477,2024-11-01,2,5
3476,2757,2025-01-28,1,4
8765,7799,2024-07-23,3,5
3947,4951,2023-01-06,5,4
5811,4506,2024-11-22,1,5
7755,7711,2025-02-09,2,3
3912,9372,2024-08-12,1,3
4387,6422,2025-06-18,5,4
6801,2618,2024-12-02,4,2
9972,4358,2024-03-19,3,4
5935,5527,2021-11-03,3,1
9118,5439,2024-02-04,2,1
2711,8275,2025-08-09,1,3
6500,1732,2024-06-28,4,5
9214,9302,2025-04-25,3,3
5301,6139,2024-10-28,4,1
6610,6535,2025-09-08,4,2
6933,2347,2024-02-01,3,3
5157,3939,2024-06-20,3,1
7641,4557,2021-03-27,4,4
9134,5172,2025-07-07,1,3
6651,8812,2022-12-02,4,5
6265,2901,2023-04-30,2,3
8770,4036,2024-12-09,3,1
4630,4779,2023-04-05,4,3
9526,1996,2025-07-10,5,2
3134,3350,2025-05-27,4,4
3472,8516,2024-08-17,1,3
7602,2121,2025-09-23,3,5
9660,5257,2023-03-10,5,1
4190,1497,2023-07-23,4,1
9490,3325,2025-09-06,1,2
8789,5582,2023-07-10,3,1
7854,1463,2023-01-13,1,4
8091,6150,2022-06-28,2,1
9540,2928,2021-11-09,2,4
6086,6966,2025-07-25,3,1
7617,2115,2024-08-06,2,5
5304,3441,2021-03-15,5,5
4024,9883,2024-12-17,4,3
6618,4512,2024-03-26,1,4
5542,7988,2022-05-15,2,1
8387,5091,2024-06-10,3,1
5632,1057,2024-04-19,3,1
3186,6701,2023-02-13,2,5
4516,1638,2023-05-08,1,2
5465,4688,2025-09-02,5,4
5212,6170,2025-08-23,5,5
5350,6731,2024-07-27,4,2
6213,7455,2022-02-26,4,2
8723,1685,2024-07-30,1,5
9644,8285,2025-08-07,5,4
5841,7365,2025-05-25,2,4
5943,8067,2024-11-14,1,2
2691,9034,2021-11-23,4,5
5884,5040,2024-06-13,1,5
9321,9623,2024-01-23,5,4
6683,9352,2025-09-15,2,3
5746,6549,2025-09-01,4,3
3808,7490,2024-08-28,4,1
4021,5459,2024-11-07,3,3
7699,4135,2024-03-08,1,5
7246,3085,2024-02-13,5,1
3918,7158,2025-06-12,1,2
6861,8886,2022-06-17,1,3
2924,9761,2021-02-16,2,5
7889,1380,2025-08-20,4,4
6087,9244,2023-03-03,1,5
1787,7576,2025-06-11,3,5
7215,3295,2024-07-19,5,3
8948,3955,2021-10-10,1,5
6116,2265,2024-05-26,3,2
7756,1930,2025-07-27,2,4
2931,2496,2023-07-12,3,4
8404,1795,2025-03-15,4,5
1948,5668,2023-01-10,5,5
4979,3764,2024-11-27,1,3
8583,1038,2025-08-28,4,3
6351,1157,2025-03-14,1,2
8840,3150,2023-05-14,1,4
7825,9534,2024-09-23,4,5
4203,5672,2025-02-05,1,4
3122,4842,2025-09-25,1,1
6814,4848,2022-01-20,4,2
9804,3414,2022-02-16,4,2
4801,1241,2025-01-20,1,2
3545,6794,2025-06-07,3,3
9599,6122,2024-11-27,5,2
2983,8686,2024-05-26,4,4
5055,6386,2025-01-08,5,2
7397,4110,2025-04-07,1,3
5669,1479,2025-04-11,5,3
6738,8268,2025-07-13,4,5
1125,7930,2021-01-23,5,5
7900,6960,2025-04-02,1,3
3628,7219,2024-01-07,4,3
3034,4396,2024-08-27,2,4
6467,5852,2024-02-01,5,4
8845,5795,2025-08-03,5,5
1804,7171,2025-04-29,2,5
9651,2649,2024-09-15,1,3
6407,2633,2025-07-06,4,4
7162,5161,2024-03-18,2,1
6422,7710,2022-11-26,3,1
6916,8113,2022-12-22,4,2
6143,7480,2024-06-05,4,3
4511,4531,2025-06-29,3,4
6742,6935,2025-04-08,3,3
1608,8403,2025-09-29,3,2
2949,8400,2024-06-17,4,3
7449,1306,2023-12-17,3,4
3818,4512,2025-07-16,1,5
2630,3606,2025-09-18,2,1
7884,4002,2024-05-10,3,1
8249,5337,2023-12-29,2,4
1884,7522,2025-06-27,4,1
2493,6856,2025-09-10,3,5
6468,5600,2024-06-11,1,2
6878,6162,2022-11-22,4,5
3914,5737,2024-04-01,3,1
7872,8263,2025-08-06,3,2
4366,9518,2025-09-13,4,1
1770,8478,2023-09-13,4,5
5751,9966,2025-06-26,2,2
3175,8949,2022-10-04,3,4
3684,9186,2024-07-17,3,3
8881,4116,2023-10-23,5,2
3312,4233,2023-12-16,2,2
1485,3985,2025-03-30,2,4
2256,6736,2025-09-30,1,2
2793,6749,2025-06-09,1,4
8846,8853,2024-09-12,2,4
8300,8717,2022-11-27,2,2
9394,4008,2025-09-03,5,4
7102,2161,2025-07-01,3,4
8410,2476,2025-01-27,3,1
6358,8242,2024-02-15,3,3
7220,9356,2025-07-04,5,1
1526,2605,2022-01-21,2,2
7881,6502,2025-09-08,1,2
9706,9783,2025-06-17,2,4
4827,2194,2022-07-24,1,4
1853,8924,2024-10-26,1,1
7155,2169,2023-12-26,5,4
3573,6416,2025-09-24,2,3
2640,1080,2024-03-25,3,3
9501,7447,2023-12-10,4,5
2218,9986,2022-01-25,4,1
5583,2367,2024-10-30,2,2
3921,1501,2023-10-18,3,2
3390,1255,2024-07-18,2,2
3913,2719,2024-12-13,2,3
8338,5372,2025-08-07,5,1
2826,3168,2025-09-06,1,4
6887,5316,2023-01-12,2,5
7330,4410,2024-05-17,2,3
7054,1671,2023-09-22,4,4
8127,8103,2025-05-03,1,5
6637,6879,2022-06-07,4,3
2911,8965,2025-06-01,4,1
2436,2529,2024-01-18,1,3
5386,4995,2024-02-01,5,3
9282,5549,2023-07-09,3,3
5569,1075,2023-01-24,2,3
4137,9590,2023-08-01,5,4
9744,4798,2023-03-15,2,2
7440,3330,2023-01-15,5,5
7005,5809,2025-05-31,3,5
4621,5692,2024-06-01,3,4
3301,3825,2023-08-19,5,5
7562,5103,2024-06-13,1,3
5014,8180,2025-05-28,4,5
3667,9892,2024-03-11,5,3
4793,4566,2024-12-18,5,1
5561,4810,2025-04-28,1,5
7586,1792,2025-09-05,2,3
1637,9115,2024-08-13,1,1
6998,3984,2024-08-18,3,2
9474,7133,2022-09-18,1,1
7813,1134,2024-03-31,4,4
3678,3371,2024-02-05,3,3
1914,4935,2024-11-15,5,2
2523,6919,2024-08-19,1,1
8374,8082,2023-04-13,2,5
5530,6443,2024-08-26,1,1
2530,3643,2025-04-14,3,3
7624,8462,2024-05-17,4,5
7331,9131,2025-07-25,1,5
1423,6267,2024-07-22,1,5
5698,1633,2024-07-20,3,1
6459,9244,2025-02-14,2,5
3839,9927,2024-08-22,5,4
4286,6689,2022-10-05,3,1
5238,4602,2025-06-15,3,5
2505,8750,2023-05-17,1,4
3101,6354,2025-01-19,5,4
1743,3953,2022-07-25,2,4
8504,5545,2025-08-07,2,5
6630,6689,2025-09-05,1,2
7165,6818,2024-10-21,4,4
9974,6947,2023-12-07,4,5
4270,4719,2024-06-26,1,5
4158,7910,2025-05-18,3,2
4476,3712,2024-07-18,2,2
6277,9723,2024-03-17,2,3
6021,3308,2024-12-04,5,1
2833,9663,2023-12-21,4,4
2265,7672,2021-05-24,4,1
5039,5226,2024-05-16,2,3
1583,5650,2025-09-28,2,5
5949,1804,2021-06-06,1,4
4550,4746,2023-09-28,4,4
1489,3109,2022-08-09,4,5
3597,5067,2025-08-24,3,2
9955,3576,2025-02-24,4,4
5611,2502,2024-03-24,3,4
3111,8266,2025-03-17,4,3
3096,5585,2021-12-18,5,1
7967,2480,2025-06-19,1,4
3845,9991,2025-06-15,5,3
7671,9028,2025-09-23,2,5
7055,9461,2025-06-11,5,3
4061,2001,2021-11-21,4,4
7568,1472,2025-09-19,3,2
4930,4353,2021-04-02,1,3
4395,6689,2025-07-12,3,2
5225,5396,2024-08-03,4,2
3609,6570,2021-08-28,2,4
4292,8092,2025-05-26,2,5
8110,3998,2025-05-17,3,2
3808,8851,2024-10-06,3,1
4093,4250,2021-09-11,4,3
6200,7491,2022-08-31,2,5
8849,1970,2023-04-13,3,5
4970,4025,2021-12-25,5,2
8984,3281,2024-04-21,1,4
9709,9174,2025-02-25,3,1
5199,8018,2024-05-17,4,2
9534,6826,2025-03-10,3,5
8005,9897,2024-07-24,2,4
9510,3301,2025-08-23,4,5
3947,8861,2024-02-22,2,4
8425,4569,2024-07-31,3,2
9568,3660,2025-04-12,3,3
4639,3107,2025-07-19,3,3
1897,3489,2024-03-25,1,3
1810,8042,2025-06-29,1,3
5105,3952,2023-10-25,2,2
2577,8881,2023-04-12,1,1
1832,6737,2024-01-06,5,2
9669,6460,2025-08-21,5,1
1743,5817,2023-09-03,4,5
2187,2327,2022-07-31,3,1
1247,6900,2022-12-14,3,4
5661,4207,2024-06-22,3,2
2188,8554,2023-08-14,2,3
9397,2677,2024-09-09,4,4
4244,7440,2023-05-27,1,5
4572,7419,2023-01-08,2,1
9798,7059,2025-07-02,1,4
5460,7585,2025-04-20,3,3
5068,6747,2025-09-30,3,5
6098,9577,2022-05-25,3,3
9013,1050,2023-11-14,4,3
3085,5652,2024-03-06,1,3
2838,6809,2024-11-24,5,4
9540,5103,2023-08-11,4,1
8039,7199,2024-05-20,2,4
9791,7184,2025-01-30,3,3
3499,6976,2024-10-19,3,2
2182,9686,2025-09-20,1,5
4745,8496,2025-04-14,2,2
8705,2922,2024-01-12,1,2
6734,7936,2025-09-28,1,2
6074,5437,2024-10-27,4,3
1817,5964,2024-02-15,4,3
4418,7004,2025-05-17,2,1
8172,7710,2023-04-07,4,2
5681,8480,2025-07-01,1,5
5602,7242,2024-09-05,5,5
7760,8100,2024-09-02,3,3
4677,5439,2022-10-29,2,3
3968,4757,2024-08-26,2,3
7076,7215,2022-11-01,3,1
5376,5856,2025-09-23,5,5
1946,1666,2025-09-17,5,5
4917,5323,2023-07-10,3,1
3753,7579,2025-09-14,3,3
4246,9839,2025-08-10,5,1
9055,4203,2025-09-06,5,3
5092,4919,2022-07-10,2,4
1308,3838,2024-02-20,4,2
8942,7632,2022-05-26,1,3
9619,4935,2025-08-13,1,3
7181,2094,2025-07-05,4,3
9936,3679,2025-04-17,2,1
2206,2913,2023-04-16,3,5
9192,3100,2024-10-05,2,5
6654,2149,2025-03-22,1,2
1506,7372,2025-09-20,3,3
3571,8030,2023-03-12,2,1
2734,1340,2024-10-19,5,5
3339,5889,2024-06-08,2,2
1030,8471,2025-06-30,3,2
3411,4988,2021-03-07,4,1
2661,4012,2025-07-03,2,1
8745,6555,2022-12-17,3,4
2034,2408,2025-08-18,3,2
5413,4803,2025-04-03,5,2
7515,9484,2025-04-20,1,3
7062,6003,2024-01-15,1,4
3233,7089,2024-06-23,1,5
2347,2993,2025-03-04,2,1
6271,7852,2023-10-15,5,1
8834,1349,2021-12-29,2,2
9693,5215,2025-04-25,3,1
7336,5231,2025-08-16,5,5
2884,1066,2025-07-23,1,2
9469,1458,2025-08-12,5,2
9309,6491,2023-09-24,3,5
6078,4488,2022-04-01,2,3
1782,5497,2022-05-06,3,4
4273,1857,2025-05-19,1,5
4239,5774,2024-03-18,3,1
4309,7998,2025-09-19,2,4
3616,2624,2023-07-09,1,4
9091,7443,2023-01-25,2,4
7186,9997,2025-03-15,4,5
2993,9182,2025-08-12,4,3
5783,4623,2022-03-29,1,3
8957,2725,2023-05-06,1,4
6773,2608,2021-07-28,3,3
9309,7574,2021-04-08,4,1
7258,7011,2024-09-22,3,3
4284,4943,2024-07-27,3,2
9499,7751,2024-06-30,2,3
7582,6498,2023-09-06,2,4
6012,2885,2024-11-27,1,3
9098,3162,2025-02-05,5,2
6648,6715,2025-06-20,3,3
8998,8490,2023-10-19,1,5
6640,9472,2023-09-14,4,5
9847,2826,2025-09-15,1,1
1714,6440,2023-04-29,3,5
8092,3015,2025-05-25,2,4
5588,5245,2022-09-24,4,2
4049,6045,2024-04-12,3,5
6750,2038,2023-01-04,2,3
5718,2938,2023-05-08,1,3
6349,7331,2025-06-20,2,4
3856,5000,2024-09-28,3,2
9989,2748,2024-02-05,2,4
9731,1099,2025-09-03,2,1
2206,8877,2025-06-18,1,4
8431,5694,2025-03-09,4,2
7913,8236,2024-07-03,4,3
5588,1167,2024-04-14,3,4
2090,5013,2025-01-11,5,2
5895,4179,2025-07-26,5,5
3013,4618,2025-08-09,3,5
2183,3649,2025-05-17,5,3
9274,8370,2023-07-11,5,4
2717,6858,2025-02-12,3,2
1569,1071,2023-12-21,4,2
1202,1899,2024-07-10,5,3
4581,7162,2023-03-30,1,2
5481,2059,2024-12-09,3,3
8312,2359,2025-09-22,5,3
8253,1029,2022-12-24,2,1
7613,3912,2025-08-29,2,4
3800,9219,2023-10-14,2,3
2431,8445,2024-10-07,3,2
9052,1573,2024-09-05,5,3
8357,3440,2025-02-18,2,5
2667,1423,2022-12-29,3,3
5359,9418,2025-02-03,1,1
9125,6519,2022-03-02,4,5
2157,1844,2022-12-01,1,5
9689,6087,2025-09-29,5,2
7156,3851,2025-02-13,4,2
9671,1946,2025-09-05,1,5
7079,1493,2022-01-20,3,1
3573,1932,2025-08-17,2,3
7558,7090,2024-05-16,2,4
6097,2877,2024-06-18,2,4
2629,8227,2024-01-11,2,5
1048,4197,2022-10-30,3,4
8682,5190,2025-02-11,2,4
1839,8790,2025-09-15,5,3
6656,2972,2022-04-24,3,3
3207,4226,2025-02-13,2,4
5778,2077,2025-04-05,2,4
1186,7201,2025-08-31,3,1
1236,8961,2025-09-25,2,5
5231,1453,2023-09-09,4,3
8992,5315,2025-04-21,1,1
1228,2264,2022-07-15,5,1
3622,8070,2023-10-31,4,4
8008,5574,2025-09-09,3,4
1295,2372,2025-01-31,5,4
3871,4424,2025-08-06,2,2
6337,7742,2023-06-15,3,1
7550,4728,2024-01-16,2,3
9817,7004,2024-10-20,1,1
4295,6036,2025-03-23,3,5
7975,9042,2024-10-14,5,4
7081,6072,2023-02-09,5,5
3184,3013,2024-07-28,3,5
2468,4593,2024-04-19,2,5
5586,8291,2024-02-28,5,1
1338,7611,2022-12-06,1,5
9173,4549,2022-07-29,4,3
3424,7510,2025-02-17,5,3
3412,4364,2025-03-10,3,2
6754,7333,2024-12-02,1,1
2243,4415,2025-04-20,3,4
5138,8766,2025-04-05,1,5
1608,2392,2025-05-31,2,4
8625,7594,2025-05-20,4,1
6847,3653,2023-03-14,2,2
1970,2973,2024-02-19,2,5
6462,5947,2024-07-23,2,3
4516,8597,2023-04-28,3,1
7100,2557,2023-12-08,1,5
5932,4608,2025-04-19,4,5
1955,6787,2023-11-30,4,4
7998,9577,2023-10-15,2,4
2909,3667,2025-06-23,4,2
5325,1079,2024-12-26,4,2
6158,9687,2022-01-19,4,1
3570,9356,2024-12-03,1,5
7217,7501,2025-08-31,3,1
7739,7285,2025-01-22,5,5
9761,2244,2023-10-30,1,2
8000,4035,2025-06-04,3,4
4730,5175,2022-08-14,4,5
8318,9783,2024-12-25,4,3
6966,4232,2024-03-10,3,3
7928,1110,2025-03-09,3,1
7255,1719,2025-07-03,4,1
8248,7170,2025-03-27,5,4
3258,4859,2025-05-27,1,5
1319,4909,2023-12-15,4,3
6132,9149,2022-11-13,4,2
4125,5584,2025-03-21,5,5
1896,7883,2024-08-04,2,2
9854,1086,2024-04-29,5,4
6814,6529,2025-02-21,2,5
2851,2733,2025-09-27,5,1
4603,2437,2023-12-24,2,3
9278,5141,2021-12-29,2,1
8704,4709,2024-11-21,5,2
8661,1160,2024-10-14,1,2
1984,6008,2024-06-19,5,2
6947,9242,2024-07-14,1,2
1282,1714,2024-11-13,4,1
7708,8600,2024-12-28,2,5
9927,1360,2023-12-19,2,3
9909,3481,2023-10-28,2,2
5342,4049,2022-06-10,5,1
4807,9315,2025-09-12,4,4
1886,3695,2025-09-02,3,2
2417,1991,2025-06-23,5,5
4022,8020,2024-07-18,3,5
4630,2144,2025-05-08,1,2
6424,9609,2023-01-23,3,5
2159,8096,2025-07-09,3,2
4772,3647,2024-03-30,4,3
7555,8870,2025-04-07,3,2
3985,1558,2025-02-25,3,4
5164,9827,2024-01-06,1,3
8673,1693,2023-02-11,3,4
3921,8515,2025-01-27,1,1
5348,1469,2025-03-31,5,5
8036,5974,2025-09-26,3,2
3693,5904,2024-02-14,2,3
4677,4696,2022-02-24,1,4
8127,2287,2024-09-13,3,2
6981,8875,2024-12-15,3,2
7221,2436,2024-05-04,5,4
3950,4042,2025-02-02,4,4
1830,8292,2024-02-29,1,3
3760,4616,2025-01-04,3,1
2631,4597,2023-05-10,1,5
4070,6731,2025-08-10,2,2
9627,3682,2024-08-17,5,3
7380,8072,2023-06-01,4,1
6860,8914,2024-10-24,1,1
2600,2595,2025-03-01,5,3
3314,8809,2024-03-18,3,3
8991,2546,2022-02-17,2,5
5641,9025,2025-07-24,1,3
5514,1221,2024-06-19,5,3
7170,9400,2022-11-27,1,2
2625,4917,2023-05-25,3,4
1738,7973,2025-09-16,1,5
7634,1599,2023-09-17,4,3
2083,3628,2025-03-12,1,2
5322,9556,2025-02-12,2,5
6851,9899,2025-08-28,5,3
5228,9382,2024-11-28,2,3
1170,6458,2021-08-12,2,4
6582,2287,2025-01-08,4,2
5109,7175,2024-12-17,3,4
8168,2700,2023-06-16,5,4
5076,2798,2025-02-22,3,3
7286,1386,2024-12-03,2,4
2982,3837,2022-12-07,1,3
9604,8425,2022-08-18,1,3
2724,8104,2022-04-08,3,3
1507,9005,2023-01-10,5,1
8302,5448,2024-11-29,3,5
5487,3090,2022-02-11,3,3
4633,8866,2025-03-05,4,1
7212,9172,2024-03-06,4,5
9923,2448,2024-12-09,5,2
7004,1430,2024-03-21,4,1
2232,9066,2022-06-27,2,5
4724,5287,2025-09-05,3,2
2400,4096,2024-06-25,2,3
7828,4899,2025-02-02,2,1
3215,5762,2022-06-04,3,3
1651,3252,2023-12-27,4,5
3384,6036,2025-03-19,2,4
9848,3580,2025-01-02,1,5
5082,6535,2023-11-09,1,4
1107,2255,2024-04-13,3,4
3456,9677,2025-07-31,4,5
8294,4231,2024-01-03,1,1
4437,4478,2025-06-19,2,3
8026,4774,2023-01-01,4,3
5600,6750,2024-02-18,2,4
9964,9943,2022-05-02,1,3
6175,1362,2025-08-17,1,4
5318,2459,2024-04-18,2,3
3140,7382,2025-01-10,4,5
5659,8581,2024-05-02,5,4
7988,6450,2023-07-01,4,5
9509,5561,2024-09-03,4,1
2274,8376,2025-09-04,5,1
9211,1103,2023-01-18,1,4
9102,7062,2024-05-20,5,1
9160,6429,2021-12-02,2,1
4283,7371,2024-12-01,5,4
7424,7548,2024-04-26,1,3
4883,9220,2025-04-16,5,2
7567,5276,2024-07-16,3,3
1164,4669,2024-07-12,2,1
3972,2740,2022-07-10,3,3
5426,2673,2022-09-24,5,5
3288,1953,2024-04-14,1,1
6245,1018,2024-10-24,5,5
5552,8617,2025-08-25,2,1
9327,9127,2024-07-26,2,5
6928,9482,2021-07-31,4,5
5219,6878,2025-08-24,5,5
7612,9639,2022-08-28,3,1
5051,2050,2022-08-28,5,1
5949,1246,2023-02-11,2,4
5415,2546,2025-08-18,1,5
7504,5185,2024-03-21,3,1
4471,5799,2024-09-04,1,5
6744,9838,2024-01-08,5,1
5432,3863,2024-12-16,3,2
3422,1859,2024-07-16,4,4
1103,1744,2024-09-04,4,2
2187,2751,2023-12-07,2,5
6659,4197,2025-06-15,4,3
8066,1841,2025-03-30,1,5
3774,4691,2025-03-15,1,2
3675,5336,2025-05-23,4,1
8109,7636,2025-03-06,3,3
6093,4217,2025-04-21,2,2
5098,3479,2024-09-17,1,1
2459,6287,2024-09-01,1,5
7594,5762,2025-05-28,2,2
3335,6205,2021-08-05,4,3
8655,3716,2023-11-13,4,4
4016,6913,2025-04-18,5,2
6233,9850,2024-12-30,3,5
8401,3023,2025-07-18,2,4
5203,3137,2025-04-02,3,5
6341,8427,2025-08-03,1,4
1126,8341,2022-04-26,3,4
5602,2925,2025-07-23,5,4
3399,9028,2025-08-28,4,5
2057,7817,2024-03-26,1,1
6079,8577,2024-03-13,2,4
3124,1676,2025-09-03,2,3
2230,2797,2024-06-12,4,3
6206,3089,2022-12-16,4,4
8045,1879,2023-06-06,5,4
6909,6428,2024-10-17,3,2
4811,9140,2024-11-09,3,2
4509,1565,2025-09-23,5,5
2317,5252,2025-08-26,5,3
9490,3477,2023-10-08,2,5
4062,2728,2025-03-19,2,5
4505,1739,2024-03-24,4,4
9226,2636,2025-08-14,4,4
8397,2614,2023-01-12,5,1
2784,5633,2025-08-04,2,1
9428,5360,2023-06-15,2,2
3194,7191,2025-06-07,2,3
7894,1181,2021-01-27,1,4
6593,6709,2022-10-09,1,3
7672,9781,2024-11-19,2,5
8870,3901,2021-11-05,3,4
8530,4189,2025-04-23,2,4
6599,1293,2024-12-09,1,5
7096,6860,2021-02-10,1,5
7319,2526,2025-03-22,1,5
5455,1884,2025-05-17,2,5
1330,6290,2025-10-01,2,5
9347,6729,2021-04-16,1,2
8890,6116,2025-01-01,4,1
3124,1597,2022-02-15,1,3
3918,1536,2025-01-23,3,1
1508,7422,2024-11-17,4,1
6855,5424,2025-01-21,4,4
6579,1829,2025-09-26,2,3
9299,9903,2024-11-15,4,3
1896,6403,2023-06-25,1,4
4152,7673,2025-09-01,2,4
6307,1070,2022-03-30,5,4
7374,4713,2022-09-06,1,4
7812,3075,2023-11-12,2,4
3681,6483,2024-08-08,2,4
4493,7161,2024-11-17,5,1
5014,3422,2024-10-17,1,2
9333,9625,2025-04-12,3,4
5518,9284,2025-01-25,2,5
7398,9902,2025-05-16,2,1
7142,5150,2025-01-08,1,4
7697,1975,2025-04-30,1,3
4323,6929,2025-08-25,4,2
9856,9791,2025-09-28,2,4
4233,5246,2024-12-24,2,3
1814,6202,2024-08-21,5,2
2466,9159,2024-08-09,3,5
3439,5251,2023-10-08,2,4
1278,6913,2023-09-09,1,5
1583,5255,2023-11-12,4,3
4225,7195,2021-03-27,2,3
6865,4282,2024-06-21,1,4
8716,6651,2025-03-17,2,4
3092,9944,2024-04-06,2,2
6234,6781,2023-08-23,2,3
9905,3482,2024-07-22,2,5
8701,4733,2023-09-01,4,4
4702,9073,2024-06-20,4,4
4925,1669,2025-06-10,1,4
4086,2524,2024-10-11,2,4
7207,4054,2023-02-03,1,2
5366,6494,2024-09-18,1,1
9255,5162,2022-10-29,4,4
5517,2150,2024-05-31,5,4
8730,5506,2024-05-02,2,4
2183,7571,2021-03-05,5,1
4598,5905,2025-09-22,5,4
9669,2431,2024-12-24,2,5
2030,9514,2025-07-25,5,3
3122,8177,2023-06-20,2,1
3718,9548,2024-03-26,3,2
3238,4516,2023-05-30,1,5
8162,9966,2025-06-12,4,4
1026,7853,2025-01-16,4,4
3304,5083,2025-03-26,1,5
2738,7853,2022-07-08,3,2
6243,8941,2025-07-03,2,1
6579,6079,2022-03-14,2,3
7540,6126,2025-08-03,4,1
3551,7125,2025-01-30,1,2
1556,3324,2021-05-19,5,1
2329,3911,2025-03-14,5,1
1111,1238,2024-02-13,2,5
8988,7138,2024-08-08,4,5
6434,4826,2021-10-31,4,1
1653,5264,2025-08-26,1,1
6512,6206,2025-06-16,5,1
9398,9493,2022-12-28,4,3
7991,4689,2025-08-08,2,1
9953,6455,2023-06-19,4,1
4099,7667,2025-03-14,1,5
5198,6330,2025-09-28,2,3
8584,2012,2025-05-21,5,1
7484,8602,2021-04-20,4,4
8523,9747,2025-02-25,2,4
1354,5627,2023-10-29,4,1
7128,2344,2024-04-22,5,5
6311,4497,2025-04-20,4,4
5630,6533,2024-08-19,2,1
2624,8503,2025-03-28,5,2
9560,9103,2024-05-25,4,5
2491,8940,2023-10-16,2,5
6125,7847,2023-12-22,3,5
3387,9760,2025-08-10,4,5
1093,2463,2025-09-04,5,3
7580,4724,2024-06-15,3,5
2319,2717,2025-09-13,4,4
3341,4136,2024-05-29,5,2
6844,3400,2024-03-30,3,5
3640,2294,2025-07-17,5,4
3973,6398,2025-07-15,3,2
8782,4591,2024-02-16,5,1
6417,3570,2025-02-02,3,4
5631,4841,2025-01-15,1,4
5732,9059,2025-02-18,5,4
3107,3564,2024-06-08,4,1
2492,2458,2022-09-06,2,3
8899,4766,2025-08-22,3,5
5443,5892,2025-06-26,3,5
3216,9379,2024-08-05,5,3
9727,9925,2023-03-16,5,1
7671,5001,2025-07-08,2,2
5796,7347,2025-03-13,3,3
6275,3568,2024-04-11,4,5
7762,8298,2024-12-23,1,5
7027,7919,2025-07-28,4,2
8202,9549,2025-06-13,4,2
8723,7185,2024-10-30,4,5
8945,9704,2023-02-26,4,4
9986,5621,2025-06-26,1,5
3079,5382,2024-02-01,3,3
4884,5359,2022-12-09,4,2
7957,4994,2025-09-28,2,2
7018,1189,2023-07-17,5,5
1068,3749,2023-08-11,3,1
9762,1878,2023-12-13,5,3
2718,1957,2022-09-17,3,4
9962,5347,2024-04-08,3,4
3223,5323,2025-02-19,5,5
6810,5690,2023-07-17,2,1
6995,6318,2025-08-29,1,5
4246,2589,2024-10-30,5,3
1768,4824,2025-09-09,1,2
5215,3992,2025-01-04,3,4
8625,6835,2024-10-21,2,1
4893,1658,2024-09-08,1,4
1169,3073,2023-07-24,3,4
3288,4062,2025-07-26,5,5
3239,3216,2024-04-25,4,4
8518,4042,2021-02-04,1,1
5304,9964,2021-06-13,5,1
8981,9015,2025-07-31,1,2
3718,1861,2025-02-18,5,5
5300,5108,2021-01-01,2,2
9418,4253,2024-10-06,3,3
9925,4825,2024-02-13,5,2
7779,5699,2025-07-04,1,3
8690,5570,2023-12-06,2,2
7974,6627,2025-02-25,3,4
5620,5172,2025-08-24,3,4
3094,7270,2025-09-30,3,3
6331,8523,2021-06-02,5,2
3869,7160,2021-05-07,1,1
2517,4806,2023-10-05,3,4
9752,2102,2025-09-17,1,4
8773,9063,2024-02-21,1,1
8192,8288,2024-11-15,4,2
7145,4859,2021-07-10,1,3
1434,2259,2025-01-11,2,2
6417,2556,2022-07-10,3,3
1613,8576,2023-05-26,3,1
1979,5097,2025-02-27,5,4
5847,3179,2022-10-02,1,2
2743,7413,2025-09-29,3,1
4710,3678,2024-12-28,3,3
3916,5767,2025-05-16,2,3
3732,1607,2023-08-17,1,2
1489,1466,2022-08-12,3,1
9849,7825,2023-04-24,4,5
6122,4085,2024-10-01,4,3
3495,9642,2024-05-05,2,3
6695,1269,2024-10-12,1,4
5670,6013,2025-07-05,4,2
6512,3521,2025-06-01,1,3
8663,7387,2025-09-07,1,5
5317,9779,2025-08-30,5,2
5038,8839,2023-09-15,3,4
4373,2523,2025-10-01,3,5
4509,3202,2025-07-30,3,4
2172,9878,2024-12-22,2,3
2758,9103,2024-01-26,1,1
5072,9203,2024-02-09,4,2
1683,1447,2024-06-28,2,2
5904,8282,2025-06-24,4,2
4447,6928,2024-10-02,4,5
1085,5119,2025-06-21,4,4
6247,6081,2023-05-29,1,4
3176,5485,2025-07-09,1,3
6661,3835,2023-03-22,2,3
1988,2448,2023-10-19,1,5
4423,5496,2024-08-17,4,4
2549,8573,2025-02-12,1,5
9769,8551,2021-11-16,3,2
5089,1041,2024-03-25,2,1
5606,9485,2023-03-24,1,2
1240,1143,2023-11-06,2,1
6389,4879,2024-03-07,1,5
7008,2750,2025-08-27,3,1
9573,6110,2025-09-17,4,3
9649,2660,2024-06-25,1,1
8344,5664,2024-04-24,2,5
2559,3500,2025-07-26,5,5
6086,7770,2024-05-25,5,4
3719,9819,2023-10-27,2,3
5759,2275,2024-11-29,3,4
7561,7893,2025-06-01,3,4
8735,2068,2025-09-21,1,2
5793,6500,2023-12-06,2,2
2946,3706,2024-09-13,2,3
2956,4058,2025-05-05,2,2
5063,7867,2023-08-20,5,1
1774,1136,2024-06-19,1,1
5912,4786,2023-09-25,4,4
6005,1418,2021-12-23,5,4
2703,9396,2024-09-27,3,4
7447,8390,2021-08-12,5,3
4500,1109,2025-09-03,4,5
1427,5784,2025-07-23,4,4
2751,7603,2023-12-05,3,4
5957,9147,2025-09-19,3,2
7379,6460,2024-11-30,2,1
9348,8881,2021-06-02,2,2
6481,9178,2024-08-10,2,3
8059,2899,2023-11-14,2,3
9693,9201,2025-02-01,4,1
2468,6755,2024-10-09,1,1
4199,6664,2024-12-28,3,5
7818,3390,2023-07-07,3,3
2811,3778,2025-02-20,3,5
7410,4318,2023-11-06,2,1
7829,9191,2024-01-23,1,1
1932,9279,2022-09-24,4,2
2957,2688,2025-06-24,4,3
3140,4886,2025-01-02,2,1
3954,2710,2025-02-10,2,2
5309,3098,2025-07-02,1,5
1795,1756,2024-02-15,4,4
4378,1411,2025-03-21,1,2
2310,7702,2023-01-23,2,1
3887,2822,2025-09-28,5,2
7293,5133,2025-01-25,1,3
7036,6755,2023-04-09,4,3
8088,8726,2024-12-07,5,2
3349,9973,2025-09-26,2,4
1355,7251,2025-08-05,5,2
5291,6949,2021-08-02,2,4
7993,9207,2024-12-01,2,5
3997,7237,2025-06-04,4,1
9475,6193,2024-03-06,2,1
1362,6437,2025-04-08,1,4
9789,2648,2021-09-20,5,4
8826,6474,2023-06-02,4,2
9921,3582,2021-09-07,3,3
6953,2485,2025-05-01,2,4
6239,9870,2025-02-21,1,5
1926,5500,2022-11-17,2,3
9301,6667,2024-07-18,3,3
1915,8509,2022-10-15,5,2
5332,7915,2025-06-28,5,5
9825,8449,2023-06-24,3,3
5941,3981,2024-01-16,3,1
1126,3162,2024-11-20,4,3
6966,6730,2025-08-21,5,3
9923,2021,2022-12-09,5,4
8877,6604,2025-07-31,2,5
3253,1880,2024-10-11,3,4
8845,5320,2023-01-13,1,4
2815,4375,2024-11-26,1,1
3276,1207,2025-09-28,1,1
6186,8853,2024-11-16,4,3
9310,2164,2025-05-20,4,5
3751,1357,2025-07-24,5,1
7219,4137,2023-10-07,2,2
1737,1650,2025-08-03,5,1
7246,1414,2025-08-15,1,4
2064,5176,2022-03-22,3,4
8223,9083,2023-01-25,3,1
2287,2761,2025-06-20,4,2
6041,5341,2024-11-07,5,1
7110,4374,2025-06-08,5,4
9311,7470,2024-05-06,5,4
3850,2728,2025-04-22,1,1
1287,5294,2022-04-02,4,1
5471,3521,2025-01-06,1,1
2847,4151,2024-02-12,5,4
8692,7081,2022-12-07,1,4
3643,4782,2024-09-09,1,1
4962,5162,2025-06-23,5,3
4614,7830,2025-01-27,2,5
7213,5423,2021-10-12,2,2
4748,3359,2023-11-23,5,4
5080,3977,2025-07-22,3,4
9352,6128,2025-05-01,5,3
9619,4668,2025-07-12,2,3
4201,1373,2024-02-14,5,2
6905,7278,2021-10-23,2,4
5041,7225,2025-04-18,4,1
5554,3744,2025-04-03,3,1
4901,6810,2024-10-29,5,5
7252,2397,2024-07-28,3,1
9462,8634,2024-10-07,2,1
8018,6380,2025-02-08,1,3
7164,7232,2025-06-14,3,3
1817,5386,2023-04-14,3,1
5736,3675,2021-08-16,1,1
5805,1375,2025-09-15,1,3
2501,2247,2025-02-12,2,1
6609,9249,2024-11-15,4,4
1256,5905,2025-07-10,2,2
7892,3513,2024-09-06,3,3
7384,8935,2023-02-22,3,3
9051,7067,2025-01-14,1,2
2031,5752,2025-08-13,1,2
1298,4426,2025-10-01,1,4
8821,5429,2025-09-21,3,1
5463,6311,2023-06-16,3,3
4880,2826,2025-05-25,5,1
6589,2992,2023-03-30,3,1
1880,2407,2025-08-11,1,3
5107,8562,2025-05-12,4,5
8540,3963,2024-03-23,2,4
7604,6070,2024-07-16,1,3
4935,3931,2024-12-04,1,3
3688,1283,2025-08-26,1,4
6744,4008,2022-02-18,3,2
7679,1084,2023-08-06,5,5
7045,9870,2022-10-24,1,1
3768,2143,2024-03-18,1,4
3982,2913,2023-07-30,2,4
7115,3438,2022-09-15,3,3
1857,6832,2022-01-20,2,3
4464,2800,2025-05-28,4,4
9763,2751,2025-09-17,1,2
7320,7040,2024-05-13,2,5
2172,3048,2025-05-22,4,1
1239,3048,2022-12-04,5,5
7829,6049,2023-10-10,3,3
8818,4713,2025-05-16,4,3
8477,9611,2021-11-01,3,2
2624,2185,2025-02-24,4,2
2164,5204,2025-07-10,1,3
6671,2910,2025-08-30,5,1
3947,3428,2025-04-10,5,4
6608,6419,2023-11-05,4,3
1147,5657,2025-02-06,3,3
1353,9458,2024-10-27,5,2
9590,2664,2025-04-11,5,1
5770,3199,2024-01-30,5,1
1213,5984,2025-08-11,3,5
7451,6899,2025-01-28,1,2
7478,1597,2024-04-10,3,4
4059,6250,2025-07-12,5,1
6878,4229,2025-04-28,5,1
7033,3029,2024-08-22,1,2
3125,3300,2025-07-14,2,4
2418,5716,2024-11-12,4,1
9818,8098,2025-05-17,2,1
3614,7419,2024-08-03,4,5
5919,3632,2024-04-05,3,3
2950,4564,2025-09-18,3,5
3177,3075,2024-08-24,1,1
3512,8276,2024-05-15,2,4
6457,5242,2024-12-08,2,1
6339,7635,2023-06-21,3,5
6123,2306,2023-07-27,2,1
2799,2807,2025-05-28,1,4
4707,2479,2024-05-05,1,5
5045,9790,2022-12-14,1,2
5871,4555,2024-11-22,1,1
1496,1888,2022-06-18,2,2
2509,8840,2025-01-06,2,4
8626,7086,2024-11-23,2,1
4228,1444,2023-12-12,3,2
5072,8166,2025-09-15,3,1
1122,2552,2023-01-06,5,3
7817,8156,2025-05-21,2,4
7188,4514,2025-06-13,3,5
9925,2777,2024-12-19,5,1
6055,4158,2022-08-20,4,3
3785,5050,2024-04-04,2,5
9276,6662,2025-07-14,4,1
1927,9082,2025-04-07,4,3
7053,4681,2024-09-15,1,3
2804,6775,2025-01-02,5,2
8281,3401,2023-05-29,2,5
4488,2900,2024-07-12,4,2
7319,8732,2024-10-25,5,2
1687,2168,2022-10-09,4,3
7248,2053,2024-09-23,5,1
3322,8653,2024-11-26,5,3
8155,6067,2025-07-29,2,1
5845,8994,2024-04-02,1,1
8675,6111,2023-07-27,4,1
3695,1522,2024-09-16,2,5
3661,3937,2025-08-19,3,5
5263,4264,2024-04-11,5,3
4353,9897,2025-09-04,1,5
6615,2981,2024-01-03,5,3
2793,9461,2025-09-30,2,5
2686,8029,2022-04-28,1,1
4085,7710,2025-07-13,3,2
3060,4590,2025-05-09,1,1
3513,2386,2022-05-23,2,5
9953,7041,2025-06-18,5,1
9075,2160,2024-02-05,1,2
8650,6168,2021-05-06,5,3
3016,4173,2025-03-07,4,1
1279,6863,2025-04-24,4,1
8060,8876,2022-10-21,5,2
5135,2369,2024-05-06,4,4
7834,6587,2025-01-27,5,5
7201,7038,2024-12-06,1,1
6701,8338,2023-09-07,3,2
5716,3145,2023-12-31,3,3
7541,3494,2025-09-24,3,4
6598,8291,2025-05-25,2,1
2586,4415,2022-08-11,4,5
9047,8532,2025-09-08,1,1
7973,3832,2023-11-18,1,3
8053,9497,2025-08-07,1,4
4398,8406,2024-09-02,5,1
1824,2438,2024-10-17,2,5
5275,8892,2025-08-07,3,3
1723,3701,2025-02-24,1,4
2263,1091,2023-10-18,2,3
8587,3858,2024-11-11,4,2
2277,1168,2025-07-08,5,4
1791,6175,2022-09-22,3,3
9449,4439,2025-08-02,5,4
2385,5214,2023-02-04,1,2
2429,6520,2025-07-07,5,5
7224,3305,2025-06-23,2,3
9607,7508,2024-09-02,5,3
9715,4397,2025-03-03,1,4
9262,5206,2022-05-18,5,4
3901,2588,2022-10-15,1,3
8482,5588,2024-11-13,5,3
7610,1228,2025-05-06,5,5
8364,5331,2025-03-10,2,4
3422,1290,2025-06-14,3,4
8704,8312,2023-02-12,5,3
4133,8557,2024-02-28,3,4
9695,7994,2025-06-10,1,2
3197,9270,2023-03-19,1,4
7662,6705,2025-07-01,3,5
2316,8170,2025-03-31,5,5
4679,5690,2025-09-24,2,5
3386,3209,2024-12-17,1,4
3141,1242,2025-02-04,1,3
9757,7407,2024-06-29,4,4
8849,7236,2023-01-27,3,3
5446,4337,2025-07-19,1,3
2389,9018,2025-04-20,1,3
4023,2536,2024-08-13,2,5
7251,3612,2025-06-19,5,2
1326,4930,2025-08-02,5,2
5412,6602,2024-12-12,2,5
9665,5641,2025-06-01,2,5
6177,6984,2025-08-14,4,1
6239,9062,2023-02-09,1,2
6061,9117,2022-11-14,5,1
9190,8096,2022-08-03,1,1
4963,3121,2023-10-09,2,4
8051,6450,2023-04-23,3,5
4513,6374,2024-04-15,1,5
3956,7545,2025-06-06,3,2
9420,3009,2020-12-04,5,2
9226,9986,2024-09-10,3,2
2054,2539,2022-01-14,3,5
3044,2227,2022-12-10,1,3
1379,2667,2025-05-31,5,1
6560,5286,2024-03-07,3,5
8910,3922,2022-07-04,3,1
7490,9290,2022-04-27,3,2
4453,6562,2023-11-03,3,5
7596,2515,2025-02-12,1,4
7985,6214,2022-07-24,3,5
4369,1416,2023-07-29,5,2
1698,5648,2025-07-20,4,1
7431,9674,2025-09-11,2,5
6945,2598,2023-03-16,2,2
9388,5296,2024-06-08,5,5
4589,3800,2025-06-02,5,5
6790,4622,2025-06-15,3,4
9665,6359,2023-05-21,4,2
1608,9421,2024-09-18,1,3
3666,4196,2025-05-16,1,2
7920,4807,2025-04-13,2,2
9910,1057,2025-03-12,2,3
2625,8052,2025-09-23,5,1
5282,9712,2024-03-11,2,5
8225,5347,2025-07-25,1,2
5181,6943,2024-10-04,5,4
9317,2498,2024-06-19,1,4
6364,1463,2025-05-08,3,3
2910,6156,2025-09-13,2,3
4766,8515,2025-03-06,4,2
6451,6284,2025-09-09,5,4
2391,2483,2025-04-25,2,5
8760,8395,2024-11-15,1,2
9718,2655,2024-03-13,4,3
8931,4553,2023-12-31,3,1
7656,3649,2025-09-27,2,3
5864,4129,2025-08-06,1,4
8955,8887,2025-08-21,4,1
3942,8943,2025-09-16,2,1
1842,5824,2025-03-20,3,4
4642,1064,2023-05-27,2,1
8270,4384,2022-11-06,3,4
9808,3410,2024-12-24,4,3
4310,3733,2024-11-21,1,1
9840,5630,2023-03-29,3,5
9829,5064,2025-03-30,1,3
4836,9838,2022-11-13,2,5
9864,2680,2023-07-05,2,2
1010,5949,2024-08-17,1,5
3533,4017,2022-11-30,1,3
1516,9575,2021-12-19,4,5
2449,5657,2025-09-22,4,1
3362,2581,2025-02-15,3,2
8749,6600,2024-01-22,2,3
8248,6564,2024-10-19,1,3
7771,2349,2024-07-13,4,5
1653,8397,2023-02-08,4,1
8679,6852,2025-07-21,1,4
9553,9007,2025-08-30,1,1
3745,1484,2024-08-06,3,2
8649,1568,2025-04-15,1,3
1180,8314,2025-09-08,3,5
7800,6188,2023-07-19,2,1
3666,5821,2021-12-27,3,2
8724,3013,2025-08-15,4,1
3963,2711,2021-10-13,4,1
2799,7108,2025-09-30,3,2
6016,6864,2025-01-29,1,3
9636,1036,2025-02-09,5,2
2200,1059,2025-04-20,4,4
9980,8504,2025-09-10,5,4
2071,5513,2022-09-08,3,2
4459,4417,2025-04-04,3,2
7396,7707,2024-12-12,2,5
9871,6328,2025-03-06,3,3
2833,8848,2025-09-30,1,4
6493,1286,2023-08-15,1,1
5580,3741,2024-10-02,5,4
1671,2216,2025-07-20,1,5
2602,8254,2022-09-07,5,4
7322,4512,2024-10-22,5,3
4141,6456,2024-05-27,1,1
8092,5321,2024-07-27,2,1
8641,2390,2024-06-27,5,1
4426,5991,2022-04-18,1,5
7088,2574,2025-06-14,2,4
4569,5471,2023-06-10,1,5
1398,4392,2022-12-09,3,5
5786,4137,2023-04-30,4,5
3313,8190,2024-08-07,3,3
3622,2816,2025-10-01,3,5
7261,9955,2025-09-30,1,1
9469,5654,2025-02-18,3,3
2309,5763,2024-08-26,2,3
6701,9644,2024-07-06,2,5
2057,2471,2023-05-15,1,4
9378,3833,2024-01-24,3,4
6814,1638,2022-07-30,5,3
1350,6025,2021-08-04,1,4
7623,1966,2023-04-05,1,4
8015,6002,2023-01-01,1,3
2244,6148,2025-01-28,3,3
9749,8456,2022-07-30,5,4
3882,1428,2022-06-27,1,5
8142,8204,2024-11-30,3,3
9259,5490,2025-08-13,2,4
3754,9240,2022-07-27,2,3
4550,4950,2025-08-22,4,2
4828,8820,2022-10-21,3,5
7212,8204,2023-02-06,2,3
8692,2388,2025-05-19,2,1
9784,1286,2025-06-17,3,2
7280,7162,2025-07-26,4,4
4524,8847,2025-07-13,2,1
2969,6688,2024-06-26,3,1
6060,1789,2025-06-27,2,5
2635,9772,2024-12-25,1,5
9092,8914,2025-06-06,1,4
3768,7789,2025-09-22,2,3
5955,6848,2024-01-14,1,3
3774,9126,2025-03-27,3,1
8869,9025,2024-03-17,1,5
7546,3763,2024-09-28,4,2
5845,7806,2022-06-02,5,5
6624,2568,2024-04-28,4,5
7124,1369,2022-10-30,4,1
4803,3463,2025-08-22,4,4
3277,1729,2025-01-01,4,1
9203,2111,2023-01-12,3,1
6699,2888,2025-05-21,2,4
6583,2796,2023-10-20,1,1
3904,1433,2025-01-07,2,1
2029,4119,2025-09-27,5,3
2762,1775,2025-02-27,4,2
1815,1634,2024-02-26,4,2
8302,4351,2025-10-01,1,3
7298,7809,2025-08-13,3,5
7566,9074,2025-08-21,2,2
6453,3473,2021-08-23,2,4
3638,8249,2024-01-08,4,3
9335,6657,2025-09-26,4,5
6633,7501,2022-03-03,2,1
2334,6330,2023-11-23,3,1
8083,5402,2023-06-23,4,2
9672,6492,2024-08-01,2,1
3615,7179,2023-07-21,4,5
6649,8706,2025-04-02,5,2
2897,3107,2025-03-20,2,1
5172,9235,2022-02-01,5,1
9393,4242,2024-09-29,1,4
1236,6086,2025-09-26,1,2
6066,3947,2023-08-01,2,3
1381,4228,2025-07-31,2,3
2110,3452,2025-05-23,1,5
8999,2170,2025-10-01,4,2
1586,4196,2025-05-12,1,5
1388,9788,2025-07-01,3,2
4271,7769,2025-08-09,4,1
1677,5692,2024-07-29,2,2
5784,9979,2023-08-25,2,2
1078,8126,2024-03-05,1,2
3803,9738,2024-12-03,1,3
9168,2877,2025-08-12,2,5
5501,1083,2024-02-17,3,2
7878,5922,2025-09-08,5,5
9865,8531,2022-08-16,5,2
1606,1817,2022-07-08,1,1
1370,6238,2025-08-09,5,3
1083,4483,2025-03-06,3,3
1367,8019,2022-06-17,3,3
4386,3780,2021-08-17,5,3
1593,1281,2025-05-16,3,5
1809,7722,2025-05-01,1,3
8670,9877,2023-09-09,3,1
1581,2012,2025-09-26,1,3
6725,9294,2025-05-02,3,2
6454,7210,2025-02-02,2,1
4175,7507,2023-02-10,3,5
6433,7160,2024-06-12,1,3
7977,3580,2025-06-22,3,3
6923,5227,2025-03-14,5,2
5131,8931,2022-05-09,5,5
7627,9247,2025-06-18,4,4
8470,7654,2025-03-11,3,2
5127,5382,2022-12-03,5,5
1747,4299,2024-05-21,2,2
1092,2039,2024-10-15,1,2
1478,7874,2025-07-29,5,1
7514,9915,2024-01-12,1,5
3559,9130,2025-08-23,2,3
5384,6668,2025-09-19,5,3
8915,3394,2025-07-22,1,5
6603,5181,2025-06-26,2,3
7512,5084,2025-07-21,3,4
8969,4517,2025-08-27,2,2
2088,5872,2022-09-02,4,3
8943,1745,2022-11-15,2,1
8204,1532,2025-08-05,3,4
4171,2793,2025-07-09,4,1
1670,6352,2025-05-20,3,4
4337,1146,2025-06-25,5,5
8544,3515,2024-12-22,1,1
4563,9779,2024-11-28,2,5
6113,7205,2022-03-13,5,2
2343,2465,2024-01-02,2,4
4182,2224,2022-11-16,5,5
2028,1694,2025-08-19,4,2
3592,7394,2023-09-29,5,5
8748,2356,2024-11-04,2,2
8466,7245,2024-10-21,5,1
4117,1974,2025-07-14,3,2
9609,4756,2025-05-06,2,2
1431,2140,2025-06-09,3,5
2296,2450,2024-02-14,4,1
2932,7390,2025-02-05,5,2
8015,8500,2024-01-28,1,3
6489,9997,2024-05-21,3,2
4939,1790,2023-08-25,5,3
9020,7368,2025-01-07,1,3
4872,7044,2024-07-26,1,5
6187,6772,2023-11-09,1,1
2317,9931,2024-05-01,2,3
4028,8475,2021-09-05,1,2
8741,9303,2023-11-19,3,4
2337,1389,2025-05-08,1,1
3814,2293,2024-04-04,3,2
3670,2035,2022-11-04,2,4
9723,6934,2025-07-29,1,2
8958,8353,2025-08-26,2,5
5782,8203,2025-09-09,5,4
2998,3964,2024-01-23,5,3
1386,2101,2025-04-08,1,5
2531,5630,2025-09-03,1,3
7725,7436,2025-04-14,1,4
3022,9415,2025-07-08,4,3
2571,1608,2022-04-08,5,1
7154,7214,2024-10-04,2,4
5891,2605,2024-06-25,5,4
6128,7399,2022-09-30,5,5
6590,2382,2025-05-28,2,2
8766,2088,2024-11-01,1,5
7793,7389,2023-02-25,2,4
9064,9723,2025-09-27,3,5
8715,2460,2025-01-16,2,4
4021,5481,2023-03-14,1,1
1232,9587,2022-06-30,5,3
3986,7356,2025-09-08,2,3
4763,8722,2024-01-06,2,5
6749,5131,2025-09-06,3,1
1389,8589,2024-09-30,4,2
6860,9904,2025-01-23,4,2
2370,6295,2025-01-24,4,4
8550,3342,2023-01-26,3,2
1217,8368,2024-01-01,1,3
8032,8984,2025-08-30,4,3
7585,4481,2023-11-14,2,2
2459,6980,2025-02-13,2,2
1009,1335,2025-07-13,2,3
4762,1041,2025-04-01,2,4
1167,2176,2025-09-24,5,3
5570,4115,2024-05-28,3,3
2939,6141,2022-07-14,3,5
6043,5298,2025-08-29,4,1
5732,2330,2023-11-03,2,2
8974,2763,2024-01-07,5,4
3151,4084,2023-09-05,1,2
2550,3694,2024-12-29,4,5
5030,5572,2024-12-04,4,2
4711,6644,2024-12-05,3,4
8138,4056,2025-03-27,1,2
2240,7277,2025-06-07,3,3
1817,5171,2021-06-26,2,1
4092,9601,2025-09-08,3,4
5856,8186,2025-06-11,3,1
6341,4438,2022-05-06,1,3
5613,4457,2024-11-27,1,4
3921,2661,2023-08-31,1,2
7893,3436,2024-08-15,5,5
3468,7541,2025-07-01,4,2
4968,4052,2025-02-08,4,5
9904,7930,2024-07-25,5,1
1964,6662,2023-09-08,4,3
7865,2325,2024-10-28,3,5
9939,9265,2023-02-19,5,3
8297,8221,2024-07-09,3,3
8413,4452,2023-01-09,4,3
3364,3477,2022-12-12,3,5
8045,2041,2022-12-20,1,5
3760,2777,2023-10-19,2,1
9917,2084,2024-06-19,5,1
8253,9016,2022-02-18,2,5
7204,5190,2025-02-16,2,2
5883,3173,2025-01-24,5,4
3847,9281,2025-06-12,1,5
4677,3613,2025-08-13,1,3
1928,8741,2024-05-30,2,3
4070,5775,2025-09-27,3,5
3801,2921,2024-11-14,4,1
5865,1350,2023-03-30,2,2
5217,5504,2024-11-09,2,4
5331,3751,2025-06-24,2,3
6989,3978,2024-10-25,1,5
8264,5184,2024-11-08,4,3
2259,7829,2024-07-15,1,4
8993,9153,2023-05-25,5,2
5937,9481,2021-08-18,1,3
7698,3114,2025-09-08,5,1
5228,7691,2025-05-23,2,1
8978,6450,2024-08-10,2,2
4545,6666,2024-01-05,4,3
5770,6746,2024-10-09,1,2
3593,4801,2024-07-16,4,5
8857,9872,2024-08-16,3,3
3555,2676,2023-12-24,4,1
9208,3398,2025-04-04,4,3
1210,9935,2023-11-26,2,5
3094,4695,2025-08-05,3,1
4012,5470,2023-03-27,2,4
4911,2277,2023-06-12,2,2
3198,9545,2025-09-25,1,5
2403,7843,2025-01-13,4,4
5732,7494,2023-01-09,2,3
3393,3874,2024-09-02,5,2
7690,8933,2022-07-06,5,2
4624,3474,2024-11-03,2,1
7468,8226,2025-02-11,3,5
8621,3366,2025-09-28,1,3
4826,5199,2025-08-08,1,2
9842,6900,2023-06-02,5,1
2137,5557,2024-06-02,1,3
3452,7673,2024-08-17,4,1
3250,5185,2023-09-04,3,1
4457,8182,2023-10-12,3,4
9828,7747,2023-12-31,4,3
6588,1221,2024-04-18,3,4
6099,8134,2025-06-25,4,4
8967,3750,2025-09-06,1,1
7710,6317,2022-12-09,4,4
6332,7281,2024-03-04,1,3
2169,7915,2025-01-05,5,2
8479,8735,2025-07-25,4,1
2611,8364,2024-11-22,5,3
2601,4595,2025-07-20,2,2
7048,1801,2025-03-22,2,5
8689,7673,2025-02-01,1,2
1984,7577,2025-08-04,5,3
5794,9220,2023-06-12,4,2
2067,5473,2023-09-15,3,2
3713,3011,2025-01-27,4,1
5933,1863,2025-02-24,5,2
6078,2013,2025-04-21,4,4
3600,7692,2025-04-27,3,4
8894,5433,2024-11-10,3,5
5643,5689,2025-08-31,3,1
2764,6304,2025-04-19,1,1
4231,6269,2025-08-22,4,4
7419,5506,2021-08-24,5,2
5913,5715,2025-01-14,1,5
6086,9999,2025-08-26,3,4
1716,6430,2025-10-01,3,2
8221,4462,2024-07-26,5,4
5424,3716,2025-01-03,4,4
3203,6704,2025-07-19,4,5
7890,5355,2025-05-22,5,2
6700,8980,2025-09-26,2,3
7894,3356,2022-10-02,4,5
9251,9964,2025-05-08,1,2
6920,5925,2025-05-18,4,4
6956,9590,2025-04-08,1,2
7951,7572,2023-07-22,3,2
7903,7692,2024-12-18,2,2
9832,1425,2024-08-21,3,3
6656,4170,2023-08-25,5,3
4286,1745,2021-04-17,1,3
8882,9462,2023-03-28,3,2
4779,6239,2025-03-12,4,4
9539,9512,2024-11-28,4,2
3812,6075,2025-09-04,5,5
2680,6477,2025-05-25,3,4
1702,8976,2023-01-23,2,3
4037,1255,2025-03-06,5,1
5968,8361,2024-09-11,3,1
8919,5986,2024-05-30,4,3
9603,3164,2023-10-11,2,5
1723,4995,2025-08-26,2,4
3573,3815,2024-08-12,4,1
9231,1538,2023-07-31,2,2
6844,6424,2021-02-18,1,2
5431,9247,2024-10-22,4,4
4077,2582,2025-04-12,1,3
8872,6105,2024-09-08,2,2
2105,8142,2023-05-14,5,2
5649,4846,2024-07-06,3,1
5621,5016,2023-04-26,3,1
8487,9619,2024-09-12,4,5
2300,2446,2024-12-26,3,4
3149,1777,2025-09-10,3,3
3012,2517,2025-05-14,5,2
3709,6864,2021-07-22,3,2
5917,8823,2025-08-27,3,1
2835,9324,2025-09-02,2,5
3690,2451,2024-10-05,2,3
2947,8120,2024-07-26,4,4
2318,5729,2023-06-15,3,3
7465,9474,2024-03-28,1,1
9653,7380,2025-04-23,3,5
5795,8476,2023-07-12,2,3
5409,6511,2021-07-16,3,4
8249,7013,2023-10-15,5,1
3397,3140,2022-11-20,1,3
8315,7632,2024-08-04,5,3
2810,2400,2023-06-07,5,5
2018,2508,2023-12-21,1,4
2632,7244,2024-03-13,5,2
8991,7076,2025-08-29,5,3
3825,6090,2025-04-29,2,4
4588,2534,2025-04-12,5,4
2406,3870,2023-12-02,5,2
1417,9995,2023-12-06,5,4
2003,7616,2025-07-01,3,4
2178,9892,2022-05-25,4,1
9833,6031,2021-12-23,1,4
2892,4632,2022-09-25,5,4
8072,1247,2025-09-04,2,3
3744,4234,2024-10-20,5,1
8635,5857,2024-02-13,2,3
9011,3799,2025-04-30,5,4
1005,4786,2025-04-12,1,4
9837,6602,2025-05-16,1,5
4482,1518,2025-01-10,2,2
8193,6737,2023-11-13,2,1
5656,6097,2024-06-23,3,5
8171,4111,2023-01-28,3,2
8011,9673,2024-11-03,2,3
3383,3910,2024-09-16,3,1
9816,4044,2023-12-30,3,2
2066,1968,2024-03-06,2,3
3825,5724,2023-07-17,3,3
5750,4887,2025-03-26,4,1
6221,7789,2025-01-12,2,3
8969,2900,2025-08-14,1,1
2286,7443,2025-09-21,4,5
8547,9288,2023-07-23,3,4
4223,2271,2023-04-24,3,5
3707,8732,2022-09-20,2,4
7717,5577,2025-03-18,3,1
9650,5576,2022-04-16,5,5
6976,3225,2025-09-26,3,4
8319,5658,2024-12-22,3,4
7851,3758,2025-07-19,4,5
9946,1771,2021-08-10,4,3
9709,8576,2025-07-10,1,4
9394,7793,2024-02-22,5,1
6172,4994,2025-08-01,2,5
1485,4706,2022-05-28,4,1
4750,1347,2021-11-22,5,3
6490,8652,2024-03-05,1,2
6957,3038,2021-04-27,2,5
3952,9210,2023-08-16,1,4
4519,2023,2023-06-18,1,3
1743,9589,2025-03-04,4,4
9311,2705,2025-10-01,1,4
5062,1630,2022-07-18,3,2
4205,5191,2023-02-15,1,5
2000,6125,2025-09-12,1,4
2168,8384,2025-06-28,1,3
2453,2479,2024-07-30,4,2
6995,3940,2022-11-04,1,2
3009,5160,2025-04-29,3,1
4265,8150,2025-08-15,3,5
4740,7454,2025-02-20,3,3
1036,3534,2025-02-17,5,4
4439,7370,2025-10-01,5,5
2533,1592,2025-07-31,2,1
2794,2923,2024-03-25,4,1
8631,3328,2023-11-14,3,5
8856,9141,2023-10-03,1,2
6793,6722,2025-08-16,5,2
2082,8846,2024-08-03,5,1
8970,7872,2025-06-01,2,3
4684,8070,2024-08-21,3,5
3716,7108,2021-10-30,1,2
3543,9664,2023-11-20,5,5
6372,8633,2025-07-29,3,1
8973,1463,2024-12-01,5,3
6166,2433,2024-12-03,1,5
4243,5901,2024-08-15,3,5
2805,1484,2025-02-22,2,3
1180,5997,2022-02-16,3,1
7272,1571,2023-01-18,1,5
8092,5335,2023-04-24,3,3
5207,6801,2025-09-29,4,3
1847,6936,2025-03-17,2,2
8227,9155,2021-10-04,1,5
8858,3281,2023-10-27,1,2
7729,7214,2024-03-16,2,2
3065,5636,2024-07-28,3,1
6791,5818,2022-05-06,3,2
4614,3817,2025-03-29,5,1
5064,2546,2021-06-10,3,1
4757,9071,2023-07-08,5,1
2964,9666,2023-08-01,2,1
9303,8326,2024-02-20,3,4
4788,9047,2022-11-15,3,5
8798,1728,2024-03-13,2,5
9717,5041,2021-08-08,5,4
1904,1044,2024-06-23,1,5
3346,4670,2024-07-15,4,1
7911,8934,2025-03-22,5,4
6768,1402,2022-09-01,4,2
8901,2806,2025-08-28,1,3
1676,4313,2025-07-02,2,4
4085,5760,2023-02-06,1,2
5192,5768,2025-09-28,3,1
4377,4034,2024-06-30,2,3
3689,9487,2024-03-10,1,4
5773,4917,2025-06-27,3,2
6653,7686,2023-12-25,4,2
4943,2900,2025-05-11,4,1
5774,7280,2025-04-02,3,5
6119,2571,2024-09-22,1,5
6572,8243,2023-11-04,1,5
6267,9025,2025-08-13,3,4
2279,1679,2024-01-04,4,5
2886,2153,2025-09-24,5,1
8302,4726,2025-04-25,3,2
2939,5710,2025-06-18,4,3
4037,8200,2024-05-11,3,3
2265,9001,2022-04-19,3,3
3850,3580,2021-08-06,3,5
7508,9940,2025-06-20,1,5
8994,1340,2022-08-19,4,3
7348,2753,2025-03-04,1,1
1175,2396,2024-03-27,1,3
5157,3524,2025-06-24,4,4
8896,6864,2023-07-17,3,1
3230,6732,2023-03-18,4,3
8946,8994,2022-02-23,5,3
2032,1765,2024-02-12,2,1
9703,5000,2023-09-11,1,2
1941,8244,2023-11-24,1,4
1600,4924,2025-04-13,4,3
7946,7331,2023-03-11,4,1
7704,3434,2023-08-02,3,1
3265,1514,2023-08-08,4,5
6956,2376,2022-09-15,2,2
9508,3041,2022-08-27,1,5
9574,2933,2022-05-05,4,1
5732,9955,2025-05-15,2,4
4634,8533,2025-07-13,1,1
3680,7645,2021-03-11,3,5
9333,8100,2025-07-01,1,1
9786,1240,2022-01-09,5,4
5188,4340,2023-04-18,1,4
2329,8183,2025-01-05,3,5
3134,8920,2024-05-15,4,5
6089,6574,2025-03-26,4,5
1962,6798,2024-09-14,4,4
9512,9709,2024-03-21,4,1
2645,5695,2024-08-06,1,4
3130,6061,2024-06-02,1,1
1377,8054,2025-02-16,1,1
7766,5094,2025-09-29,4,4
2139,1362,2025-09-21,5,1
5516,9540,2025-03-12,3,4
9728,1024,2025-07-25,4,4
9265,9813,2023-01-29,3,2
7160,9287,2023-08-14,2,1
3137,6605,2025-07-12,2,5
6576,9348,2023-09-23,3,5
5871,5052,2024-08-14,5,2
4085,9019,2023-02-06,3,2
8975,4564,2025-05-31,3,5
8720,1949,2025-05-15,2,5
7249,9073,2022-07-09,2,1
7353,3696,2025-09-09,1,5
6845,3516,2024-01-02,2,5
6213,5589,2024-04-11,1,2
7147,2708,2025-04-24,4,5
1377,8676,2024-01-20,2,2
6990,9711,2024-09-02,3,1
4129,5792,2023-04-25,2,4
3173,9349,2022-12-16,1,4
4059,6295,2025-09-17,5,4
7245,9422,2024-02-03,3,1
9689,6884,2025-08-14,2,1
7191,5352,2025-02-24,1,4
4611,5225,2024-09-14,5,5
6306,2508,2025-01-10,5,1
3777,1835,2025-09-04,4,4
6623,1853,2025-04-23,1,2
4498,7327,2024-10-16,1,3
1420,1602,2024-07-12,1,2
6540,5206,2024-02-12,3,4
2328,1980,2025-05-06,5,2
7679,6153,2024-05-27,4,1
4303,2900,2025-02-08,2,5
6315,6667,2023-11-14,4,1
3361,7837,2024-11-22,2,2
1003,9527,2025-08-14,1,2
5374,7202,2024-09-22,2,4
9359,7238,2022-01-31,3,5
1944,6813,2023-05-18,1,5
7019,1801,2025-06-04,3,4
1519,8416,2025-07-03,3,3
5712,8632,2022-04-13,1,5
7536,4448,2024-03-02,3,5
7066,5367,2022-06-16,4,1
4672,5221,2023-03-31,4,3
3244,9991,2025-01-28,1,2
8773,4165,2024-02-05,2,5
1827,2293,2025-02-04,5,3
8286,9001,2023-08-21,5,4
6538,2894,2025-02-05,4,1
8057,9319,2025-05-29,4,3
7329,4580,2025-05-17,2,2
8782,1748,2024-11-10,2,4
7845,3039,2025-02-16,3,3
5835,2362,2024-01-04,3,2
6730,3950,2025-08-24,2,4
2133,5581,2025-03-27,2,3
4013,2681,2023-11-12,5,3
3735,9982,2023-01-27,3,1
2189,4749,2023-02-07,2,5
9365,8717,2024-08-17,2,5
7737,9647,2023-03-28,3,2
6488,1822,2024-04-24,1,3
1470,7129,2024-01-07,4,5
4337,4279,2023-11-16,4,1
5995,5954,2024-07-21,3,2
1829,1424,2025-05-08,1,1
5895,5889,2022-05-24,2,2
5572,2923,2024-06-25,2,1
6494,4490,2025-01-03,1,2
5164,6631,2025-09-18,2,4
5882,2082,2024-02-05,2,5
1034,5854,2024-01-29,3,4
8629,6328,2025-09-07,5,2
6924,9026,2025-05-13,3,5
1241,7721,2024-12-10,5,3
8855,4770,2023-01-21,2,1
5793,2007,2025-09-13,3,1
5257,7772,2025-08-27,2,4
3167,6936,2024-01-31,1,5
6861,7506,2024-11-09,4,1
1039,6783,2025-03-03,4,2
1276,6903,2022-08-13,4,3
6894,9594,2023-04-02,1,1
6228,9786,2023-01-14,3,5
2697,7455,2023-08-12,4,5
2995,6606,2022-06-14,5,1
5899,1079,2025-09-22,5,1
7634,9599,2023-10-17,2,4
1261,1686,2024-06-28,2,2
5145,6021,2024-02-07,2,5
8174,3248,2023-04-25,5,3
7869,5652,2024-04-23,3,5
7859,3302,2023-03-19,3,4
9241,6444,2024-06-09,5,5
7468,4772,2022-09-18,2,5
8004,1335,2023-12-22,1,2
3888,4603,2023-11-14,5,4
2849,4772,2022-11-06,3,1
5033,4207,2024-05-13,3,2
4661,5861,2025-04-24,5,5
5422,6725,2024-12-03,5,1
9298,3503,2025-08-02,2,2
3961,9334,2023-10-21,2,1
8705,6631,2025-07-27,3,2
5455,7074,2025-09-22,5,5
2919,9922,2024-12-04,3,5
6733,2652,2024-03-08,1,1
4626,3617,2025-04-24,1,3
7143,1419,2025-07-18,3,4
6673,6092,2025-03-01,4,2
1330,9660,2023-11-05,5,3
2104,1244,2023-12-15,4,2
8785,7319,2024-04-29,5,1
3448,9959,2023-04-02,3,4
1258,2612,2023-07-03,1,2
5836,6226,2024-09-23,1,2
7513,7397,2023-01-17,4,5
6218,9216,2025-07-13,1,5
1289,3210,2025-02-20,2,5
2101,2453,2025-04-05,4,4
6069,1189,2022-03-05,2,3
7723,3271,2023-08-26,2,5
2684,1913,2023-06-16,3,2
7862,4275,2025-07-18,2,2
6832,3680,2025-08-26,2,4
4990,7908,2021-06-05,4,2
3384,1005,2025-08-14,4,2
3874,7987,2024-09-22,1,1
2614,3735,2023-10-12,3,1
7638,1467,2024-03-16,1,3
2493,9423,2023-08-30,4,2
6379,9675,2023-05-22,1,5
6244,7821,2025-04-17,5,4
6334,1776,2025-06-15,4,4
4353,6438,2023-06-22,3,5
3993,7462,2024-10-02,2,1
1088,6887,2025-05-23,5,5
3652,4694,2023-10-31,5,1
5752,2352,2025-08-02,1,5
2208,5146,2021-11-29,3,1
7093,7895,2024-02-25,4,1
9609,4892,2023-07-18,4,2
7987,4734,2024-01-02,5,5
1191,7517,2023-11-09,2,5
5300,1992,2024-08-24,5,5
4725,8958,2022-01-03,2,5
4200,6650,2022-06-27,5,3
5037,7674,2023-04-06,5,2
6907,7467,2025-06-27,3,4
9195,5959,2025-03-02,2,5
8724,4796,2022-07-12,1,1
8361,8138,2025-06-02,4,4
1163,9355,2021-10-10,4,3
1983,1489,2024-03-30,2,2
6782,5049,2023-10-29,2,3
5994,5517,2025-03-24,2,5
5386,4500,2022-11-17,1,1
3634,7250,2023-11-21,5,2
7918,3338,2024-10-05,1,4
3167,3959,2024-08-21,1,3
6835,1901,2024-03-18,2,5
2342,8171,2024-08-11,4,4
9931,4078,2023-03-01,5,1
4740,3905,2025-10-01,1,3
7211,6472,2023-09-16,1,1
8798,8417,2025-01-03,3,2
7586,5082,2024-11-24,3,2
9404,3619,2024-02-04,4,4
2114,5883,2024-03-25,3,5
4179,8223,2024-03-27,1,3
2696,4202,2025-06-16,2,3
1132,6682,2024-12-28,5,5
4005,7249,2023-07-12,1,3
5042,1919,2022-07-28,4,5
3445,2568,2025-07-05,1,3
6984,5201,2024-12-28,1,2
8802,9538,2023-07-06,4,4
9200,3105,2023-11-21,3,3
1407,9118,2024-03-05,2,2
9860,3632,2025-05-29,5,3
3363,3792,2024-12-18,3,1
5954,7737,2024-03-03,2,5
4692,4780,2022-03-16,4,4
8024,6198,2024-08-07,3,5
7526,6585,2023-07-25,4,4
2591,3743,2025-07-05,1,2
4685,4600,2024-06-13,3,2
5503,3673,2024-10-27,3,2
7716,6357,2025-04-18,3,2
3999,2081,2024-01-07,3,2
8328,9260,2022-06-20,5,4
3879,9034,2025-05-22,5,1
3094,5594,2022-11-04,1,4
4832,7184,2024-09-15,1,5
7144,1864,2024-07-20,2,2
3911,9759,2023-09-12,4,4
8109,9493,2024-08-10,5,1
3985,2317,2025-09-20,4,3
4231,4324,2023-05-11,5,2
1469,6108,2021-04-27,3,1
8185,3219,2024-06-16,2,5
3701,6159,2024-02-09,2,3
5022,5287,2022-05-29,2,1
4335,6352,2024-07-20,4,4
9086,5490,2025-05-02,3,3
7805,2774,2024-03-23,5,3
5913,5178,2025-05-13,2,1
6873,8408,2024-05-09,5,1
5562,8575,2024-12-11,1,5
4712,5474,2024-02-19,2,1
6663,4571,2025-01-11,2,3
1070,8209,2025-07-21,2,4
4047,8744,2024-01-27,4,4
8565,4510,2025-07-16,3,5
9819,7443,2025-08-19,3,2
8401,9984,2025-07-09,3,2
9324,7187,2024-10-15,1,3
7046,4586,2025-07-07,5,2
5947,1343,2025-01-03,3,3
8155,8912,2022-12-07,2,5
2015,8504,2023-04-08,1,1
1787,6459,2025-06-24,1,5
3565,3480,2024-07-20,5,5
9909,6782,2023-07-27,4,1
8007,1440,2023-02-26,2,2
4117,7726,2024-12-26,2,1
2636,7253,2024-08-19,5,4
3220,6831,2025-06-23,3,5
4279,9037,2025-05-16,5,4
2943,2940,2025-08-13,2,3
6892,2672,2024-04-27,3,2
9536,4216,2024-12-31,4,2
4177,8385,2025-08-23,1,5
5275,8393,2022-08-20,2,4
4776,8077,2025-07-10,2,4
3794,4349,2025-01-16,2,3
9635,4633,2025-09-08,2,1
3886,5932,2025-03-05,1,5
2491,8377,2023-10-31,1,3
3254,7346,2024-03-01,4,2
3293,5469,2025-09-29,5,4
6156,3016,2024-08-03,5,4
5528,4047,2025-08-23,3,2
6735,9384,2025-07-26,3,4
6302,7189,2024-02-16,1,3
2028,1546,2023-09-04,2,5
2669,2450,2021-08-18,2,4
7261,1390,2024-04-01,4,5
9593,4195,2025-06-03,1,5
7507,2275,2025-09-28,1,4
5751,9890,2025-06-24,5,1
6008,2200,2021-07-31,3,3
1419,4377,2024-11-29,5,2
1022,6899,2025-09-25,2,1
3626,3576,2024-07-10,3,4
8159,2723,2023-12-12,2,2
6243,9467,2022-01-20,1,1
5510,5777,2021-12-22,3,3
7696,7340,2025-06-12,2,1
6312,4285,2023-01-25,4,1
8687,9619,2024-02-27,1,3
5680,2529,2021-12-17,5,3
4585,2850,2023-08-20,2,3
1658,1329,2024-11-30,2,3
8376,2564,2025-04-21,2,1
6275,3230,2025-04-29,2,5
1173,3909,2023-01-17,1,2
3438,1929,2025-09-28,3,4
5857,5164,2025-09-17,3,2
9813,7879,2025-05-13,1,2
7445,8045,2025-01-06,1,4
3269,9658,2025-06-27,2,1
7479,3899,2024-08-29,1,5
1195,5663,2024-01-10,3,1
2792,8971,2023-03-08,2,2
5234,6218,2024-10-05,3,4
6378,7664,2024-09-22,1,4
5093,2935,2025-07-04,5,5
8880,5484,2024-01-31,2,1
3659,5689,2025-05-17,1,5
9907,8951,2024-10-17,2,4
1107,9236,2025-05-20,2,2
9609,9018,2023-07-04,5,5
7983,5001,2023-05-07,1,5
2333,5108,2025-04-13,3,5
9668,5978,2023-05-18,4,1
6163,3263,2024-11-13,5,4
6241,9227,2023-04-05,2,1
3398,5231,2024-08-04,2,2
2423,4751,2025-04-04,4,3
4753,3844,2022-11-19,4,1
5078,8277,2025-03-06,1,3
5806,9096,2025-06-21,2,5
2517,8038,2024-12-17,3,2
4457,8753,2024-12-15,1,4
8118,1439,2023-02-12,4,2
9724,2928,2021-04-15,3,4
7300,7583,2025-03-16,5,1
7918,9926,2022-08-11,2,2
6138,4162,2025-06-09,5,4
7676,1783,2025-02-14,1,1
2494,8604,2024-05-02,1,1
4854,5860,2025-04-06,1,1
2159,3523,2023-09-13,5,4
3577,9015,2023-09-19,5,2
4217,6637,2024-02-29,3,5
4861,7554,2023-11-05,5,1
2431,6912,2024-09-21,1,5
8111,5243,2023-12-22,5,1
8436,3369,2024-04-03,2,5
9118,7168,2025-09-11,5,3
6140,6840,2024-09-14,4,2
8700,1200,2023-09-10,1,4
2929,4255,2024-02-20,4,2
6455,1705,2025-06-28,2,4
6080,9694,2022-11-29,5,4
8508,6769,2025-01-07,3,5
3596,8650,2024-08-31,4,4
4216,3947,2024-04-11,3,1
4787,1274,2025-08-08,3,1
3008,1877,2023-03-03,5,2
3742,6808,2025-08-17,5,4
9884,1252,2021-05-07,1,4
5317,5572,2025-08-08,1,4
6316,8801,2022-05-27,3,5
6456,6832,2023-09-09,2,4
8278,1593,2025-02-22,3,5
5057,7725,2023-11-04,2,5
3047,9781,2025-07-09,1,1
5779,8591,2023-03-26,1,4
9425,2665,2023-06-05,4,2
7520,3514,2025-04-05,3,1
7290,8333,2021-09-04,2,3
4720,5212,2025-03-06,3,3
7572,8608,2025-08-05,5,1
6979,7112,2025-09-08,3,1
3964,2895,2024-11-15,4,2
3120,8247,2022-04-26,2,3
4055,5871,2025-02-03,5,2
3025,7118,2025-04-04,4,5
8758,5777,2025-07-17,1,1
2647,7768,2025-07-20,1,1
4339,8463,2025-03-19,2,3
7283,7517,2025-09-23,5,1
3015,8840,2021-10-26,2,2
9514,9112,2024-12-16,2,4
9125,6948,2024-02-17,2,1
9593,5933,2025-05-12,3,3
2339,8347,2024-07-18,5,3
8171,7622,2025-08-16,5,5
9875,4369,2024-07-14,3,4
1595,6640,2025-09-03,2,5
1262,3339,2023-02-28,3,4
8842,4812,2025-08-26,2,5
6319,4228,2024-06-18,4,5
9759,8149,2025-06-01,1,3
6525,3644,2023-07-30,2,2
3223,3076,2025-09-17,3,5
3667,4438,2024-09-07,4,5
7316,9342,2025-07-24,5,5
6083,1423,2023-02-11,2,5
4245,5263,2023-10-08,1,4
7447,7268,2023-08-28,1,3
5417,7050,2022-06-11,1,5
3077,7263,2024-10-18,1,2
6626,6105,2025-01-27,2,5
7227,1752,2024-01-15,1,4
3928,7236,2023-08-29,1,2
1886,5599,2024-12-29,3,4
3314,8517,2025-08-10,3,4
9758,4775,2025-02-25,5,5
5649,9053,2025-04-07,1,2
5250,4170,2025-08-17,3,2
5565,7307,2025-08-12,3,3
9413,9158,2023-01-21,3,1
8454,1431,2023-10-18,4,1
9098,8523,2025-08-14,3,1
1005,7642,2025-09-29,2,1
4452,7557,2024-05-09,1,2
1676,8699,2024-02-02,2,3
2028,5738,2024-09-05,3,5
1572,5426,2025-06-09,3,2
3951,6043,2024-09-28,1,5
4872,1408,2023-04-28,5,5
9496,9771,2022-10-15,3,5
4101,5948,2024-09-29,2,1
8203,1984,2025-09-28,4,4
8005,7967,2024-08-26,2,5
3940,1676,2024-12-06,4,3
1821,5930,2023-11-11,4,3
5484,2725,2024-12-19,1,5
3058,3292,2024-02-09,3,2
4089,5841,2025-08-01,1,3
5518,9163,2024-12-28,1,1
3797,7447,2025-09-07,5,3
4427,9591,2025-05-09,4,3
3430,2291,2025-06-17,2,4
7711,8522,2022-04-23,5,1
4083,4722,2025-03-20,5,1
2308,9331,2023-10-12,1,2
8284,7762,2023-04-03,1,2
8652,6752,2025-02-19,5,1
8758,3996,2023-01-30,1,2
5551,1485,2025-06-04,3,1
3343,2747,2025-06-04,5,3
8215,8045,2022-12-31,4,4
7371,2533,2025-07-01,4,1
4118,7864,2025-08-25,1,2
1154,3471,2024-04-28,3,1
1707,8751,2024-07-06,3,2
1980,6793,2022-12-31,5,1
3999,9043,2021-11-27,3,2
5153,7590,2025-08-17,3,4
7509,3458,2022-10-07,3,5
8297,4017,2025-02-23,4,3
1747,7012,2025-07-03,4,4
2651,8825,2023-12-28,2,5
1459,6214,2025-06-22,3,3
9389,7300,2023-05-26,5,2
7036,6819,2024-11-24,5,1
8786,1078,2024-03-28,2,1
8412,2801,2021-04-18,4,5
1308,5074,2025-09-21,1,2
1899,7447,2024-06-02,3,3
3319,1182,2025-03-05,3,1
1946,5733,2023-05-12,5,1
3843,2651,2023-09-14,2,2
7469,7116,2025-01-14,2,5
4943,8140,2024-03-12,1,4
3039,9727,2023-10-31,3,4
4059,4966,2022-02-18,5,4
1545,8578,2022-02-17,1,2
7803,1690,2023-11-06,2,2
9335,7817,2023-04-04,4,1
3355,8163,2025-04-17,2,5
7252,8499,2024-10-22,2,3
2854,7756,2024-11-11,5,5
5112,2950,2023-09-04,4,1
3656,7420,2025-09-27,3,2
6773,4127,2025-07-23,5,1
3071,7383,2025-03-29,3,5
8380,9467,2023-07-12,2,3
5092,4133,2023-10-06,5,5
5859,5517,2025-09-29,3,2
6896,6905,2025-09-02,5,2
5409,3495,2023-11-19,4,4
6100,4114,2023-05-14,1,5
1582,7444,2025-09-27,5,5
8170,6665,2023-03-06,5,5
7159,5958,2025-05-23,2,3
8921,1091,2025-06-20,1,2
8106,4037,2025-09-19,1,5
9499,7753,2023-06-17,4,4
6206,2042,2025-09-17,2,4
6479,7019,2023-04-03,5,5
1948,4262,2025-01-02,1,2
9440,8957,2024-04-08,4,5
4180,9071,2021-10-27,4,1
8351,5844,2024-07-18,1,2
8296,2277,2024-09-22,1,2
8552,2361,2025-03-29,5,2
5198,4233,2025-02-02,3,3
6422,3695,2024-04-13,3,4
2903,9594,2024-05-07,4,3
4188,8384,2025-07-09,2,2
9959,2812,2025-05-16,5,5
1839,3355,2025-02-09,5,2
8745,5227,2023-02-08,5,1
6309,3536,2022-07-08,1,1
5348,6308,2024-07-01,5,5
2781,7730,2022-07-02,3,3
4467,2838,2021-12-11,5,5
9127,4945,2023-11-29,3,5
7878,4160,2025-08-28,2,1
4198,3866,2024-07-09,2,2
2810,1109,2025-03-13,4,2
3394,8051,2025-03-16,3,1
5926,9285,2024-05-23,2,1
6234,2162,2025-09-20,5,2
3140,8577,2023-01-15,2,5
4920,4437,2025-04-08,5,2
5817,6487,2025-09-08,3,2
6007,3205,2023-06-12,3,2
1699,1574,2023-11-10,1,3
5533,5357,2025-02-18,2,4
9622,2807,2024-12-12,2,1
7352,1650,2025-01-08,2,5
8961,7384,2022-05-25,1,1
2569,2776,2025-10-01,5,2
3831,5385,2024-11-24,1,3
1021,9100,2025-09-23,2,3
4079,7281,2025-05-07,2,2
3455,5224,2023-04-11,4,2
7900,5808,2025-05-19,3,2
7739,3521,2023-12-11,1,3
1619,5925,2022-05-12,5,4
7692,5404,2025-04-24,5,1
7451,5276,2021-07-06,2,2
4022,8119,2025-08-13,3,4
8483,1464,2023-12-25,1,2
2530,1965,2025-08-30,5,3
4386,8669,2022-06-14,5,1
2442,2952,2025-08-15,5,4
9221,1944,2025-06-14,2,5
4423,9437,2024-08-29,4,5
6523,9734,2024-02-15,3,5
2557,4681,2021-10-22,5,3
4550,1007,2025-03-12,4,1
8547,8160,2023-06-15,1,5
6178,3297,2025-04-11,2,2
2897,2273,2024-03-23,2,4
6444,9037,2025-07-23,4,3
1028,7921,2021-06-19,3,2
8629,2968,2025-02-22,1,1
3432,9996,2025-08-11,2,1
5383,5065,2024-12-30,5,4
8967,8133,2022-03-13,2,2
9854,4927,2024-05-03,3,3
8460,4134,2022-07-06,2,1
6982,6942,2025-04-30,4,5
7153,6005,2024-09-17,1,2
1640,1026,2025-06-14,3,1
4224,8278,2025-04-16,3,3
4011,3581,2023-08-03,2,5
2639,4453,2024-03-27,3,1
2233,2209,2024-10-19,4,4
3215,3399,2023-04-10,2,1
3719,6133,2023-09-09,1,4
4506,2080,2025-01-11,2,3
2092,8330,2024-07-29,4,2
6346,6095,2022-08-12,1,5
2489,7401,2024-12-25,5,4
5063,9562,2022-06-02,3,3
1581,5617,2023-05-30,3,5
8116,5680,2024-09-08,4,3
9000,2619,2025-06-14,5,4
6910,4848,2023-11-10,5,3
9292,6681,2024-04-06,1,2
8573,1518,2025-09-09,3,5
6190,4169,2024-09-02,2,5
5399,2754,2024-11-05,4,5
7468,4175,2023-10-25,1,2
3701,1165,2025-07-10,5,4
9810,3267,2023-11-17,2,3
8797,6392,2024-01-23,4,4
3557,9154,2025-05-20,3,3
2922,8400,2025-08-06,3,1
9888,1278,2025-01-17,1,1
5404,9573,2025-05-25,2,5
8868,8233,2024-02-06,2,2
9355,7445,2024-08-24,4,1
1378,4249,2024-11-23,2,4
5561,1063,2025-07-29,3,3
8046,2377,2024-08-07,1,1
7811,2593,2021-09-04,2,5
5393,4456,2024-04-13,4,5
5178,9705,2022-11-24,3,4
4439,2310,2021-08-22,4,2
1786,5316,2025-08-15,5,2
9631,4962,2023-11-20,2,5
7812,3111,2024-09-05,1,4
4897,2713,2025-09-26,4,2
9707,1473,2024-01-02,3,5
9889,7771,2025-08-19,4,3
9949,4353,2020-10-16,3,4
8712,4748,2024-09-14,3,4
6248,6822,2020-12-16,1,3
1274,1761,2024-05-17,1,4
3012,1140,2023-02-14,5,1
4597,7629,2025-04-28,1,2
2241,3188,2025-02-11,5,5
1036,2419,2025-03-04,4,2
1696,5147,2025-06-26,4,5
6939,2652,2025-02-24,5,4
8374,9201,2023-03-12,4,1
1714,8048,2023-07-01,3,1
8141,3732,2024-05-12,3,1
6374,2244,2025-02-28,3,4
4010,9081,2022-10-31,2,4
4380,6070,2025-04-22,2,3
7732,1261,2023-08-04,2,1
3704,9718,2024-01-12,3,4
2545,4188,2023-08-21,2,2
6611,5590,2023-08-15,4,2
8357,7193,2022-03-18,2,5
4535,7099,2025-08-20,2,3
2797,9425,2024-10-07,3,1
6316,8217,2024-10-11,2,1
3422,9521,2025-07-15,2,5
1357,5632,2021-05-06,3,2
4705,5234,2024-01-22,3,5
8860,9829,2022-10-12,1,3
4798,3596,2024-12-31,2,5
9733,3858,2022-11-21,3,2
6793,8259,2024-12-28,4,1
2895,9276,2021-10-27,2,4
9160,3412,2022-04-16,2,5
4055,9990,2025-09-11,3,3
1205,3613,2022-11-05,5,3
6997,1108,2024-09-27,3,1
7129,4473,2023-04-12,2,2
3614,4492,2023-11-08,5,2
5311,8511,2023-01-27,1,5
7543,7946,2025-03-02,2,1
9842,2816,2025-06-02,1,4
3044,2886,2024-07-24,2,1
9327,5776,2025-07-04,3,4
7211,6745,2025-05-05,3,5
5407,1181,2024-08-22,2,3
1858,6985,2024-02-19,1,2
5129,7726,2024-05-08,1,2
3183,1349,2024-07-27,3,1
8587,2709,2025-04-05,1,1
9927,9553,2022-04-10,1,2
2480,9987,2022-12-31,1,4
7146,2896,2025-07-01,3,3
6313,5904,2024-07-02,4,5
2155,6246,2023-01-04,2,1
4656,6408,2024-12-31,3,2
2081,1144,2025-07-20,1,2
8433,4785,2023-11-01,1,1
7334,7311,2025-02-26,3,1
4200,1055,2023-04-19,1,1
8698,2153,2023-07-21,5,4
4185,1273,2024-05-19,2,1
3208,7076,2024-12-05,2,3
7338,6637,2024-10-07,4,4
4742,4122,2025-08-14,1,5
7815,4793,2024-08-25,1,3
1481,1235,2021-05-15,2,3
9197,3380,2025-02-01,1,4
1949,3337,2025-01-12,3,1
2403,4692,2021-03-30,1,3
3417,6521,2025-08-01,3,1
9149,4581,2025-07-17,1,4
8640,5751,2022-11-06,5,1
6824,8268,2024-03-20,3,5
5697,2924,2022-06-12,2,2
3609,5200,2023-09-13,5,3
8628,5954,2025-05-28,4,4
2135,3465,2022-11-30,3,1
1488,1289,2025-08-30,1,5
5378,3433,2025-05-05,2,5
3913,5268,2025-05-07,2,2
9978,9574,2025-07-24,2,5
5634,6175,2023-10-05,5,5
2028,9225,2024-03-09,5,2
4640,5303,2024-03-31,4,2
7812,2008,2024-08-08,1,5
1576,6209,2024-09-14,3,4
5776,7516,2024-10-21,3,2
5745,3118,2024-10-06,2,1
9105,1670,2023-01-10,3,3
8007,2541,2025-07-23,4,2
8061,5423,2025-04-28,4,4
6176,1454,2023-10-16,2,4
2440,8234,2025-02-08,5,4
6425,8999,2020-12-03,5,2
2175,2899,2023-02-28,3,3
3774,4079,2021-03-22,1,3
2435,1893,2024-08-30,2,1
2630,8000,2023-08-22,5,4
5170,2783,2025-08-25,3,1
7368,9846,2025-03-20,4,5
7189,4347,2025-09-27,4,5
1904,6704,2023-12-30,1,5
1921,1628,2024-10-01,2,5
9354,1009,2025-08-20,5,1
2924,2914,2023-10-31,3,3
4221,8833,2025-08-14,5,1
1390,7166,2023-10-14,1,3
5214,9837,2024-09-05,3,2
9114,2941,2025-01-01,5,3
8254,1575,2025-09-16,1,5
4541,7382,2023-12-01,5,1
5473,9140,2021-12-18,3,3
9708,6564,2025-01-28,1,5
4737,4313,2024-11-21,2,1
7971,6107,2025-06-29,3,1
5384,8148,2025-05-01,3,3
4559,1057,2024-10-30,4,2
3107,2233,2025-06-11,4,1
9828,8810,2025-03-18,1,2
7138,9362,2024-03-09,3,4
8452,2827,2025-09-26,1,1
3920,2635,2024-07-01,2,2
8693,1884,2025-04-03,1,2
1966,3994,2023-06-18,3,2
4823,2537,2022-11-22,1,2
6571,8013,2025-02-12,4,1
8474,7126,2024-08-10,2,2
5463,7709,2025-08-31,5,2
4710,5456,2024-04-19,3,1
5685,6878,2025-01-04,2,4
5427,8601,2024-12-21,5,5
2753,8494,2025-01-31,2,3
1832,6778,2024-12-01,1,5
1489,9959,2025-05-02,3,2
1874,5976,2025-05-10,1,4
5133,2423,2024-04-29,4,2
6651,4313,2025-04-26,3,5
9321,6212,2024-07-13,3,5
8357,7344,2023-11-26,3,1
3585,2162,2022-03-12,5,2
2856,7897,2022-02-26,2,1
4475,7308,2024-09-21,3,3
4738,9107,2023-01-03,1,2
6165,5352,2025-08-29,5,5
8165,6236,2024-03-14,5,3
1326,8940,2025-07-13,5,1
4762,5841,2025-08-04,4,3
7636,4094,2022-12-22,4,4
5674,3431,2025-03-26,3,4
3863,5605,2025-09-15,3,3
7059,9816,2024-11-19,2,1
4610,1578,2025-08-14,1,1
6847,5970,2023-12-12,3,4
5483,3563,2023-10-04,4,1
8956,2643,2023-08-10,5,3
9570,8038,2025-01-29,3,4
7827,5561,2025-04-09,4,5
